PS C:\Users\tejas\OneDrive - JIGNECT TECHNOLOGIES PRIVATE LIMITED\📌 W O R K 📌\Projects\apollo-data-scrapper> & C:\Users\tejas\AppData\Local\Programs\Python\Python314\python.exe "c:/Users/tejas/OneDrive - JIGNECT TECHNOLOGIES PRIVATE LIMITED/📌 W O R K 📌/Projects/apollo-data-scrapper/scripts/STEP_1_apollo_people_search.py"

══════════════════════════════════════════════════════════════
  Apollo People Search Scraper — Step 1 of 2
  Searches: New Prospects + Already Saved CRM Contacts
══════════════════════════════════════════════════════════════
  Titles filter  : 32 roles
  Output file    : c:\Users\tejas\OneDrive - JIGNECT TECHNOLOGIES PRIVATE LIMITED\📌 W O R K 📌\Projects\apollo-data-scrapper\scripts\..\output\apollo_people_search_20may2026_105758.xlsx
  Master DB      : c:\Users\tejas\OneDrive - JIGNECT TECHNOLOGIES PRIVATE LIMITED\📌 W O R K 📌\Projects\apollo-data-scrapper\scripts\..\output\master_lead_database.xlsx
══════════════════════════════════════════════════════════════

[ 1/192] Fleet Management Systems International (FMSi) (fms-international.com)
    [CRM]  Page   1/1 — 1 results (total ≈ 1)
    ✓  1 CRM contacts found
    [NEW]  Page   1/1 — 0 results (total ≈ ?)
    –  No new prospects found

[ 2/192] Retter (retter.io)
    [CRM]  Page   1/1 — 1 results (total ≈ 1)
    ✓  1 CRM contacts found
    [NEW]  Page   1/1 — 0 results (total ≈ ?)
    –  No new prospects found

[ 3/192] SEDCO (sedco.co)
    [CRM]  Page   1/1 — 1 results (total ≈ 1)
    ✓  1 CRM contacts found
    [NEW]  Page   1/1 — 3 results (total ≈ ?)
    ✓  3 new prospects collected

[ 4/192] Codebase Technologies (codebtech.com)
    [CRM]  Page   1/0 — 0 results (total ≈ 0)
    –  No CRM contacts found
    [NEW]  Page   1/1 — 3 results (total ≈ ?)
    ✓  3 new prospects collected

[ 5/192] HabotConnect (habot.io)
    [CRM]  Page   1/1 — 1 results (total ≈ 1)
    ✓  1 CRM contacts found
    [NEW]  Page   1/1 — 0 results (total ≈ ?)
    –  No new prospects found

[ 6/192] Grubtech (grubtech.com)
    [CRM]  Page   1/1 — 2 results (total ≈ 2)
    ✓  2 CRM contacts found
    [NEW]  Page   1/1 — 3 results (total ≈ ?)
    ✓  3 new prospects collected

[ 7/192] Platformance.io (platformance.io)
    [CRM]  Page   1/0 — 0 results (total ≈ 0)
    –  No CRM contacts found
    [NEW]  Page   1/1 — 1 results (total ≈ ?)
    ✓  1 new prospects collected

[ 8/192] Leadex (leadexsystems.com)
    [CRM]  Page   1/1 — 1 results (total ≈ 1)
    ✓  1 CRM contacts found
    [NEW]  Page   1/1 — 3 results (total ≈ ?)
    ✓  3 new prospects collected

[ 9/192] ZIWO (ziwo.io)
    [CRM]  Page   1/1 — 1 results (total ≈ 1)
    ✓  1 CRM contacts found
    [NEW]  Page   1/1 — 5 results (total ≈ ?)
    ✓  5 new prospects collected

[10/192] Zension (zensiontec.com)
    [CRM]  Page   1/1 — 1 results (total ≈ 1)
    ✓  1 CRM contacts found
    [NEW]  Page   1/1 — 0 results (total ≈ ?)
    –  No new prospects found

[11/192] GameChange (gamechange.com gamechange)
    [CRM]  Page   1/389 — 25 results (total ≈ 9724)
    [CRM]  Page   2/389 — 25 results (total ≈ 9724)
    [CRM]  Page   3/389 — 25 results (total ≈ 9724)
    [CRM]  Page   4/389 — 25 results (total ≈ 9724)
    [CRM]  Page   5/389 — 25 results (total ≈ 9724)
    [CRM]  Page   6/389 — 25 results (total ≈ 9724)
    [CRM]  Page   7/389 — 25 results (total ≈ 9724)
    [CRM]  Page   8/389 — 25 results (total ≈ 9724)
    [CRM]  Page   9/389 — 25 results (total ≈ 9724)
    [CRM]  Page  10/389 — 25 results (total ≈ 9724)
    [CRM]  Page  11/389 — 25 results (total ≈ 9724)
    [CRM]  Page  12/389 — 25 results (total ≈ 9724)
    [CRM]  Page  13/389 — 25 results (total ≈ 9724)
    [CRM]  Page  14/389 — 25 results (total ≈ 9724)
    [CRM]  Page  15/389 — 25 results (total ≈ 9724)
    [CRM]  Page  16/389 — 25 results (total ≈ 9724)
    [CRM]  Page  17/389 — 25 results (total ≈ 9724)
    [CRM]  Page  18/389 — 25 results (total ≈ 9724)
    [CRM]  Page  19/389 — 25 results (total ≈ 9724)
    [CRM]  Page  20/389 — 25 results (total ≈ 9724)
    [CRM]  Page  21/389 — 25 results (total ≈ 9724)
    [CRM]  Page  22/389 — 25 results (total ≈ 9724)
    [CRM]  Page  23/389 — 25 results (total ≈ 9724)
    [CRM]  Page  24/389 — 25 results (total ≈ 9724)
    [CRM]  Page  25/389 — 25 results (total ≈ 9724)
    [CRM]  Page  26/389 — 25 results (total ≈ 9724)
    [CRM]  Page  27/389 — 25 results (total ≈ 9724)
    [CRM]  Page  28/389 — 25 results (total ≈ 9724)
    [CRM]  Page  29/389 — 25 results (total ≈ 9724)
    [CRM]  Page  30/389 — 25 results (total ≈ 9724)
    [CRM]  Page  31/389 — 25 results (total ≈ 9724)
    [CRM]  Page  32/389 — 25 results (total ≈ 9724)
    [CRM]  Page  33/389 — 25 results (total ≈ 9724)
    [CRM]  Page  34/389 — 25 results (total ≈ 9724)
    [CRM]  Page  35/389 — 25 results (total ≈ 9724)
    [CRM]  Page  36/389 — 25 results (total ≈ 9724)
    [CRM]  Page  37/389 — 25 results (total ≈ 9724)
    [CRM]  Page  38/389 — 25 results (total ≈ 9724)
    [CRM]  Page  39/389 — 25 results (total ≈ 9724)
    [CRM]  Page  40/389 — 25 results (total ≈ 9724)
    [CRM]  Page  41/389 — 25 results (total ≈ 9724)
Traceback (most recent call last):
  File "c:\Users\tejas\OneDrive - JIGNECT TECHNOLOGIES PRIVATE LIMITED\📌 W O R K 📌\Projects\apollo-data-scrapper\scripts\STEP_1_apollo_people_search.py", line 588, in <module>
    main()
    ~~~~^^
  File "c:\Users\tejas\OneDrive - JIGNECT TECHNOLOGIES PRIVATE LIMITED\📌 W O R K 📌\Projects\apollo-data-scrapper\scripts\STEP_1_apollo_people_search.py", line 521, in main
    crm_contacts = search_contacts(domain, name)
  File "c:\Users\tejas\OneDrive - JIGNECT TECHNOLOGIES PRIVATE LIMITED\📌 W O R K 📌\Projects\apollo-data-scrapper\scripts\STEP_1_apollo_people_search.py", line 272, in search_contacts
    response = requests.post(
        f"{BASE_URL}/contacts/search",
    ...<11 lines>...
        timeout=30,
    )
  File "C:\Users\tejas\AppData\Local\Programs\Python\Python314\Lib\site-packages\requests\api.py", line 115, in post
    return request("post", url, data=data, json=json, **kwargs)
  File "C:\Users\tejas\AppData\Local\Programs\Python\Python314\Lib\site-packages\requests\api.py", line 59, in request
    return session.request(method=method, url=url, **kwargs)
           ~~~~~~~~~~~~~~~^^^^^^^^^^^^^^^^^^^^^^^^^^^^^^^^^^
  File "C:\Users\tejas\AppData\Local\Programs\Python\Python314\Lib\site-packages\requests\sessions.py", line 592, in request
    resp = self.send(prep, **send_kwargs)
  File "C:\Users\tejas\AppData\Local\Programs\Python\Python314\Lib\site-packages\requests\sessions.py", line 706, in send
    r = adapter.send(request, **kwargs)
  File "C:\Users\tejas\AppData\Local\Programs\Python\Python314\Lib\site-packages\requests\adapters.py", line 645, in send
    resp = conn.urlopen(
        method=request.method,
    ...<9 lines>...
        chunked=chunked,
    )
  File "C:\Users\tejas\AppData\Local\Programs\Python\Python314\Lib\site-packages\urllib3\connectionpool.py", line 787, in urlopen
    response = self._make_request(
        conn,
    ...<10 lines>...
        **response_kw,
    )
  File "C:\Users\tejas\AppData\Local\Programs\Python\Python314\Lib\site-packages\urllib3\connectionpool.py", line 534, in _make_request
    response = conn.getresponse()
  File "C:\Users\tejas\AppData\Local\Programs\Python\Python314\Lib\site-packages\urllib3\connection.py", line 571, in getresponse
    httplib_response = super().getresponse()
  File "C:\Users\tejas\AppData\Local\Programs\Python\Python314\Lib\http\client.py", line 1450, in getresponse
    response.begin()
    ~~~~~~~~~~~~~~^^
  File "C:\Users\tejas\AppData\Local\Programs\Python\Python314\Lib\http\client.py", line 336, in begin
    version, status, reason = self._read_status()
                              ~~~~~~~~~~~~~~~~~^^
  File "C:\Users\tejas\AppData\Local\Programs\Python\Python314\Lib\http\client.py", line 297, in _read_status
    line = str(self.fp.readline(_MAXLINE + 1), "iso-8859-1")
               ~~~~~~~~~~~~~~~~^^^^^^^^^^^^^^
  File "C:\Users\tejas\AppData\Local\Programs\Python\Python314\Lib\socket.py", line 725, in readinto
    return self._sock.recv_into(b)
           ~~~~~~~~~~~~~~~~~~~~^^^
  File "C:\Users\tejas\AppData\Local\Programs\Python\Python314\Lib\ssl.py", line 1304, in recv_into
    return self.read(nbytes, buffer)
           ~~~~~~~~~^^^^^^^^^^^^^^^^
  File "C:\Users\tejas\AppData\Local\Programs\Python\Python314\Lib\ssl.py", line 1138, in read
    return self._sslobj.read(len, buffer)
           ~~~~~~~~~~~~~~~~~^^^^^^^^^^^^^
KeyboardInterrupt
PS C:\Users\tejas\OneDrive - JIGNECT TECHNOLOGIES PRIVATE LIMITED\📌 W O R K 📌\Projects\apollo-data-scrapper> & C:\Users\tejas\AppData\Local\Programs\Python\Python314\python.exe "c:/Users/tejas/OneDrive - JIGNECT TECHNOLOGIES PRIVATE LIMITED/📌 W O R K 📌/Projects/apollo-data-scrapper/scripts/STEP_1_apollo_people_search.py"

══════════════════════════════════════════════════════════════
  Apollo People Search Scraper — Step 1 of 2
  Searches: New Prospects + Already Saved CRM Contacts
══════════════════════════════════════════════════════════════
  Titles filter  : 32 roles
  Output file    : c:\Users\tejas\OneDrive - JIGNECT TECHNOLOGIES PRIVATE LIMITED\📌 W O R K 📌\Projects\apollo-data-scrapper\scripts\..\output\apollo_people_search_20may2026_111504.xlsx
  Master DB      : c:\Users\tejas\OneDrive - JIGNECT TECHNOLOGIES PRIVATE LIMITED\📌 W O R K 📌\Projects\apollo-data-scrapper\scripts\..\output\master_lead_database.xlsx
══════════════════════════════════════════════════════════════

[ 1/181] Teknikforce (teknikforce.com youtube)
    [CRM]  Page   1/389 — 25 results (total ≈ 9724)
    [CRM]  Page   2/389 — 25 results (total ≈ 9724)
    [CRM]  Page   3/389 — 25 results (total ≈ 9724)
    [CRM]  Page   4/389 — 25 results (total ≈ 9724)
    [CRM]  Page   5/389 — 25 results (total ≈ 9724)
    [CRM]  Page   6/389 — 25 results (total ≈ 9724)
    [CRM]  Page   7/389 — 25 results (total ≈ 9724)
    [CRM]  Page   8/389 — 25 results (total ≈ 9724)
    [CRM]  Page   9/389 — 25 results (total ≈ 9724)
    [CRM]  Page  10/389 — 25 results (total ≈ 9724)
    [CRM]  Page  11/389 — 25 results (total ≈ 9724)
    [CRM]  Page  12/389 — 25 results (total ≈ 9724)
    [CRM]  Page  13/389 — 25 results (total ≈ 9724)
    [CRM]  Page  14/389 — 25 results (total ≈ 9724)
    [CRM]  Page  15/389 — 25 results (total ≈ 9724)
    [CRM]  Page  16/389 — 25 results (total ≈ 9724)
    [CRM]  Page  17/389 — 25 results (total ≈ 9724)
Traceback (most recent call last):
  File "c:\Users\tejas\OneDrive - JIGNECT TECHNOLOGIES PRIVATE LIMITED\📌 W O R K 📌\Projects\apollo-data-scrapper\scripts\STEP_1_apollo_people_search.py", line 588, in <module>
    main()
    ~~~~^^
  File "c:\Users\tejas\OneDrive - JIGNECT TECHNOLOGIES PRIVATE LIMITED\📌 W O R K 📌\Projects\apollo-data-scrapper\scripts\STEP_1_apollo_people_search.py", line 521, in main
    crm_contacts = search_contacts(domain, name)
  File "c:\Users\tejas\OneDrive - JIGNECT TECHNOLOGIES PRIVATE LIMITED\📌 W O R K 📌\Projects\apollo-data-scrapper\scripts\STEP_1_apollo_people_search.py", line 272, in search_contacts
    response = requests.post(
        f"{BASE_URL}/contacts/search",
    ...<11 lines>...
        timeout=30,
    )
  File "C:\Users\tejas\AppData\Local\Programs\Python\Python314\Lib\site-packages\requests\api.py", line 115, in post
    return request("post", url, data=data, json=json, **kwargs)
  File "C:\Users\tejas\AppData\Local\Programs\Python\Python314\Lib\site-packages\requests\api.py", line 59, in request
    return session.request(method=method, url=url, **kwargs)
           ~~~~~~~~~~~~~~~^^^^^^^^^^^^^^^^^^^^^^^^^^^^^^^^^^
  File "C:\Users\tejas\AppData\Local\Programs\Python\Python314\Lib\site-packages\requests\sessions.py", line 592, in request
    resp = self.send(prep, **send_kwargs)
  File "C:\Users\tejas\AppData\Local\Programs\Python\Python314\Lib\site-packages\requests\sessions.py", line 706, in send
    r = adapter.send(request, **kwargs)
  File "C:\Users\tejas\AppData\Local\Programs\Python\Python314\Lib\site-packages\requests\adapters.py", line 645, in send
    resp = conn.urlopen(
        method=request.method,
    ...<9 lines>...
        chunked=chunked,
    )
  File "C:\Users\tejas\AppData\Local\Programs\Python\Python314\Lib\site-packages\urllib3\connectionpool.py", line 787, in urlopen
    response = self._make_request(
        conn,
    ...<10 lines>...
        **response_kw,
    )
  File "C:\Users\tejas\AppData\Local\Programs\Python\Python314\Lib\site-packages\urllib3\connectionpool.py", line 534, in _make_request
    response = conn.getresponse()
  File "C:\Users\tejas\AppData\Local\Programs\Python\Python314\Lib\site-packages\urllib3\connection.py", line 571, in getresponse
    httplib_response = super().getresponse()
  File "C:\Users\tejas\AppData\Local\Programs\Python\Python314\Lib\http\client.py", line 1450, in getresponse
    response.begin()
    ~~~~~~~~~~~~~~^^
  File "C:\Users\tejas\AppData\Local\Programs\Python\Python314\Lib\http\client.py", line 336, in begin
    version, status, reason = self._read_status()
                              ~~~~~~~~~~~~~~~~~^^
  File "C:\Users\tejas\AppData\Local\Programs\Python\Python314\Lib\http\client.py", line 297, in _read_status
    line = str(self.fp.readline(_MAXLINE + 1), "iso-8859-1")
               ~~~~~~~~~~~~~~~~^^^^^^^^^^^^^^
  File "C:\Users\tejas\AppData\Local\Programs\Python\Python314\Lib\socket.py", line 725, in readinto
    return self._sock.recv_into(b)
           ~~~~~~~~~~~~~~~~~~~~^^^
  File "C:\Users\tejas\AppData\Local\Programs\Python\Python314\Lib\ssl.py", line 1304, in recv_into
    return self.read(nbytes, buffer)
           ~~~~~~~~~^^^^^^^^^^^^^^^^
  File "C:\Users\tejas\AppData\Local\Programs\Python\Python314\Lib\ssl.py", line 1138, in read
    return self._sslobj.read(len, buffer)
           ~~~~~~~~~~~~~~~~~^^^^^^^^^^^^^
KeyboardInterrupt
PS C:\Users\tejas\OneDrive - JIGNECT TECHNOLOGIES PRIVATE LIMITED\📌 W O R K 📌\Projects\apollo-data-scrapper> 

====================

[27/192] Bonobo (bonobolabs.com)
    [CRM]  Page   1/1 — 3 results (total ≈ 3)
    ✓  3 CRM contacts found
    [NEW]  Page   1/1 — 4 results (total ≈ ?)
    ✓  4 new prospects collected

[28/192] WorldSmart (worldsmart.com.au)
    [CRM]  Page   1/0 — 0 results (total ≈ 0)
    –  No CRM contacts found
    [NEW]  Page   1/1 — 1 results (total ≈ ?)
    ✓  1 new prospects collected

[29/192] Flybuys (flybuys.com.au)
    [CRM]  Page   1/1 — 2 results (total ≈ 2)
    ✓  2 CRM contacts found
    [NEW]  Page   1/1 — 6 results (total ≈ ?)
    ✓  6 new prospects collected

[30/192] Willow (willowinc.com)
    [CRM]  Page   1/1 — 3 results (total ≈ 3)
    ✓  3 CRM contacts found
    [NEW]  Page   1/1 — 13 results (total ≈ ?)
    ✓  13 new prospects collected

[31/192] Shortcuts (shortcuts.com.au)
    [CRM]  Page   1/1 — 3 results (total ≈ 3)
    ✓  3 CRM contacts found
    [NEW]  Page   1/1 — 4 results (total ≈ ?)
    ✓  4 new prospects collected

[32/192] Fred IT Group (fred.com.au)
    [CRM]  Page   1/1 — 2 results (total ≈ 2)
    ✓  2 CRM contacts found
    [NEW]  Page   1/1 — 2 results (total ≈ ?)
    ✓  2 new prospects collected

[33/192] Shippit (shippit.com)
    [CRM]  Page   1/1 — 2 results (total ≈ 2)
    ✓  2 CRM contacts found
    [NEW]  Page   1/1 — 9 results (total ≈ ?)
    ✓  9 new prospects collected

[34/192] CIM (cim.io)
    [CRM]  Page   1/1 — 3 results (total ≈ 3)
    ✓  3 CRM contacts found
    [NEW]  Page   1/1 — 8 results (total ≈ ?)
    ✓  8 new prospects collected

[35/192] Desygner (desygner.com)
    [CRM]  Page   1/1 — 1 results (total ≈ 1)
    ✓  1 CRM contacts found
    [NEW]  Page   1/1 — 2 results (total ≈ ?)
    ✓  2 new prospects collected

[36/192] Fluent Commerce (fluentcommerce.com)
    [CRM]  Page   1/1 — 3 results (total ≈ 3)
    ✓  3 CRM contacts found
    [NEW]  Page   1/1 — 8 results (total ≈ ?)
    ✓  8 new prospects collected

[37/192] meldCX (meldcx.com)
    [CRM]  Page   1/1 — 2 results (total ≈ 2)
    ✓  2 CRM contacts found
    [NEW]  Page   1/1 — 2 results (total ≈ ?)
    ✓  2 new prospects collected

[38/192] Flippa.com (flippa.com)
    [CRM]  Page   1/1 — 1 results (total ≈ 1)
    ✓  1 CRM contacts found
    [NEW]  Page   1/1 — 2 results (total ≈ ?)
    ✓  2 new prospects collected

[39/192] Soprano Design (sopranodesign.com)
    [CRM]  Page   1/1 — 1 results (total ≈ 1)
    ✓  1 CRM contacts found
    [NEW]  Page   1/1 — 2 results (total ≈ ?)
    ✓  2 new prospects collected

[40/192] Ofload (ofload.com.au)
    [CRM]  Page   1/1 — 3 results (total ≈ 3)
    ✓  3 CRM contacts found
    [NEW]  Page   1/1 — 2 results (total ≈ ?)
    ✓  2 new prospects collected

[41/192] Phocas (phocassoftware.com)
    [CRM]  Page   1/1 — 1 results (total ≈ 1)
    ✓  1 CRM contacts found
    [NEW]  Page   1/1 — 6 results (total ≈ ?)
    ✓  6 new prospects collected

[42/192] Lakeba (lakeba.com)
    [CRM]  Page   1/1 — 1 results (total ≈ 1)
    ✓  1 CRM contacts found
    [NEW]  Page   1/1 — 2 results (total ≈ ?)
    ✓  2 new prospects collected

[43/192] Wilcom International (wilcom.com)
    [CRM]  Page   1/1 — 2 results (total ≈ 2)
    ✓  2 CRM contacts found
    [NEW]  Page   1/1 — 3 results (total ≈ ?)
    ✓  3 new prospects collected

[44/192] Data Capture Experts (dc2vue.com.au)
    [CRM]  Page   1/1 — 1 results (total ≈ 1)
    ✓  1 CRM contacts found
    [NEW]  Page   1/1 — 1 results (total ≈ ?)
    ✓  1 new prospects collected

[45/192] Seertech Solutions (seertechsolutions.com)
    [CRM]  Page   1/1 — 1 results (total ≈ 1)
    ✓  1 CRM contacts found
    [NEW]  Page   1/1 — 2 results (total ≈ ?)
    ✓  2 new prospects collected

[46/192] Okendo (okendo.io)
    [CRM]  Page   1/1 — 4 results (total ≈ 4)
    ✓  4 CRM contacts found
    [NEW]  Page   1/1 — 3 results (total ≈ ?)
    ✓  3 new prospects collected

[47/192] Amused Group (amusedgroup.com)
    [CRM]  Page   1/1 — 1 results (total ≈ 1)
    ✓  1 CRM contacts found
    [NEW]  Page   1/1 — 5 results (total ≈ ?)
    ✓  5 new prospects collected

[48/192] Compass Education (compass.education)
    [CRM]  Page   1/1 — 2 results (total ≈ 2)
    ✓  2 CRM contacts found
    [NEW]  Page   1/1 — 4 results (total ≈ ?)
    ✓  4 new prospects collected

[49/192] IntelligenceBank (intelligencebank.com)
    [CRM]  Page   1/0 — 0 results (total ≈ 0)
    –  No CRM contacts found
    [NEW]  Page   1/1 — 4 results (total ≈ ?)
    ✓  4 new prospects collected

[50/192] Tanda (tanda.com.au)
    [CRM]  Page   1/1 — 2 results (total ≈ 2)
    ✓  2 CRM contacts found
    [NEW]  Page   1/1 — 6 results (total ≈ ?)
    ✓  6 new prospects collected

[51/192] Marketplacer (marketplacer.com)
    [CRM]  Page   1/1 — 3 results (total ≈ 3)
    ✓  3 CRM contacts found
    [NEW]  Page   1/1 — 6 results (total ≈ ?)
    ✓  6 new prospects collected

[52/192] CARS24 Australia (cars24.com.au)
    [CRM]  Page   1/1 — 1 results (total ≈ 1)
    ✓  1 CRM contacts found
    [NEW]  Page   1/1 — 2 results (total ≈ ?)
    ✓  2 new prospects collected

[53/192] Hapana (hapana.com)
    [CRM]  Page   1/1 — 1 results (total ≈ 1)
    ✓  1 CRM contacts found
    [NEW]  Page   1/1 — 4 results (total ≈ ?)
    ✓  4 new prospects collected

[54/192] Land Services SA (landservices.com.au)
    [CRM]  Page   1/1 — 1 results (total ≈ 1)
    ✓  1 CRM contacts found
    [NEW]  Page   1/1 — 2 results (total ≈ ?)
    ✓  2 new prospects collected

[55/192] Big Red Group (bigred.group)
    [CRM]  Page   1/1 — 1 results (total ≈ 1)
    ✓  1 CRM contacts found
    [NEW]  Page   1/1 — 1 results (total ≈ ?)
    ✓  1 new prospects collected

[56/192] Authentic8 (authentic8.com)
    [CRM]  Page   1/0 — 0 results (total ≈ 0)
    –  No CRM contacts found
    [NEW]  Page   1/1 — 6 results (total ≈ ?)
    ✓  6 new prospects collected

[57/192] Foxen (foxen.com)
    [CRM]  Page   1/1 — 1 results (total ≈ 1)
    ✓  1 CRM contacts found
    [NEW]  Page   1/1 — 7 results (total ≈ ?)
    ✓  7 new prospects collected

[58/192] Conversica (conversica.com)
    [CRM]  Page   1/1 — 1 results (total ≈ 1)
    ✓  1 CRM contacts found
    [NEW]  Page   1/1 — 3 results (total ≈ ?)
    ✓  3 new prospects collected

[59/192] Follow Up Boss (followupboss.com)
    [CRM]  Page   1/0 — 0 results (total ≈ 0)
    –  No CRM contacts found
    [NEW]  Page   1/1 — 0 results (total ≈ ?)
    –  No new prospects found

[60/192] BrainStorm (brainstorminc.com)
    [CRM]  Page   1/1 — 1 results (total ≈ 1)
    ✓  1 CRM contacts found
    [NEW]  Page   1/1 — 5 results (total ≈ ?)
    ✓  5 new prospects collected

[61/192] PCMI (pcmicorp.com)
    [CRM]  Page   1/0 — 0 results (total ≈ 0)
    –  No CRM contacts found
    [NEW]  Page   1/1 — 9 results (total ≈ ?)
    ✓  9 new prospects collected

[62/192] Sesame HR (sesamehr.es)
    [CRM]  Page   1/1 — 1 results (total ≈ 1)
    ✓  1 CRM contacts found
    [NEW]  Page   1/1 — 7 results (total ≈ ?)
    ✓  7 new prospects collected

[63/192] Rocket.Chat (rocket.chat)
    [CRM]  Page   1/1 — 1 results (total ≈ 1)
    ✓  1 CRM contacts found
    [NEW]  Page   1/1 — 7 results (total ≈ ?)
    ✓  7 new prospects collected

[64/192] Relay Network (relaynetwork.com)
    [CRM]  Page   1/1 — 2 results (total ≈ 2)
    ✓  2 CRM contacts found
    [NEW]  Page   1/1 — 6 results (total ≈ ?)
    ✓  6 new prospects collected

[65/192] OneReach.ai (onereach.ai)
    [CRM]  Page   1/0 — 0 results (total ≈ 0)
    –  No CRM contacts found
    [NEW]  Page   1/1 — 1 results (total ≈ ?)
    ✓  1 new prospects collected

[66/192] Tinubu (tinubu.com)
    [CRM]  Page   1/0 — 0 results (total ≈ 0)
    –  No CRM contacts found
    [NEW]  Page   1/1 — 3 results (total ≈ ?)
    ✓  3 new prospects collected

[67/192] Wistia (wistia.com)
    [CRM]  Page   1/1 — 2 results (total ≈ 2)
    ✓  2 CRM contacts found
    [NEW]  Page   1/1 — 14 results (total ≈ ?)
    ✓  14 new prospects collected

[68/192] Intellect (intellect.com)
    [CRM]  Page   1/1 — 2 results (total ≈ 2)
    ✓  2 CRM contacts found
    [NEW]  Page   1/1 — 5 results (total ≈ ?)
    ✓  5 new prospects collected

[69/192] Hyperproof (hyperproof.io)
    [CRM]  Page   1/0 — 0 results (total ≈ 0)
    –  No CRM contacts found
    [NEW]  Page   1/1 — 7 results (total ≈ ?)
    ✓  7 new prospects collected

[70/192] Tenant (tenantinc.com)
    [CRM]  Page   1/1 — 2 results (total ≈ 2)
    ✓  2 CRM contacts found
    [NEW]  Page   1/1 — 7 results (total ≈ ?)
    ✓  7 new prospects collected

[71/192] Zylo (zylo.com)
    [CRM]  Page   1/1 — 1 results (total ≈ 1)
    ✓  1 CRM contacts found
    [NEW]  Page   1/1 — 6 results (total ≈ ?)
    ✓  6 new prospects collected

[72/192] Brilliant.org (brilliant.org)
    [CRM]  Page   1/0 — 0 results (total ≈ 0)
    –  No CRM contacts found
    [NEW]  Page   1/1 — 5 results (total ≈ ?)
    ✓  5 new prospects collected

[73/192] RAZOR (razor-gov.com)
    [CRM]  Page   1/0 — 0 results (total ≈ 0)
    –  No CRM contacts found
    [NEW]  Page   1/1 — 1 results (total ≈ ?)
    ✓  1 new prospects collected

[74/192] WhereTo (Flight Centre) (whereto.com)
    [CRM]  Page   1/1 — 1 results (total ≈ 1)
    ✓  1 CRM contacts found
    [NEW]  Page   1/1 — 3 results (total ≈ ?)
    ✓  3 new prospects collected

[75/192] Tive (tive.com)
    [CRM]  Page   1/0 — 0 results (total ≈ 0)
    –  No CRM contacts found
    [NEW]  Page   1/1 — 4 results (total ≈ ?)
    ✓  4 new prospects collected

[76/192] IntelliShift (intellishift.com)
    [CRM]  Page   1/0 — 0 results (total ≈ 0)
    –  No CRM contacts found
    [NEW]  Page   1/1 — 7 results (total ≈ ?)
    ✓  7 new prospects collected

[77/192] Sapience (sapienceanalytics.com)
    [CRM]  Page   1/0 — 0 results (total ≈ 0)
    –  No CRM contacts found
    [NEW]  Page   1/1 — 3 results (total ≈ ?)
    ✓  3 new prospects collected

[78/192] Healthie (gethealthie.com)
    [CRM]  Page   1/0 — 0 results (total ≈ 0)
    –  No CRM contacts found
    [NEW]  Page   1/1 — 8 results (total ≈ ?)
    ✓  8 new prospects collected

[79/192] Smart Data (smartdata.net)
    [CRM]  Page   1/0 — 0 results (total ≈ 0)
    –  No CRM contacts found
    [NEW]  Page   1/1 — 4 results (total ≈ ?)
    ✓  4 new prospects collected

[80/192] Gifthealth (gifthealth.com)
    [CRM]  Page   1/0 — 0 results (total ≈ 0)
    –  No CRM contacts found
    [NEW]  Page   1/1 — 5 results (total ≈ ?)
    ✓  5 new prospects collected

[81/192] Journey (journey.travel)
    [CRM]  Page   1/1 — 1 results (total ≈ 1)
    ✓  1 CRM contacts found
    [NEW]  Page   1/1 — 8 results (total ≈ ?)
    ✓  8 new prospects collected

[82/192] Traackr (traackr.com)
    [CRM]  Page   1/1 — 4 results (total ≈ 4)
    ✓  4 CRM contacts found
    [NEW]  Page   1/1 — 7 results (total ≈ ?)
    ✓  7 new prospects collected

[83/192] Mason (bymason.com)
    [CRM]  Page   1/0 — 0 results (total ≈ 0)
    –  No CRM contacts found
    [NEW]  Page   1/1 — 2 results (total ≈ ?)
    ✓  2 new prospects collected

[84/192] Passport (passportglobal.com)
    [CRM]  Page   1/0 — 0 results (total ≈ 0)
    –  No CRM contacts found
    [NEW]  Page   1/1 — 4 results (total ≈ ?)
    ✓  4 new prospects collected

[85/192] Traba (traba.work)
    [CRM]  Page   1/0 — 0 results (total ≈ 0)
    –  No CRM contacts found
    [NEW]  Page   1/1 — 8 results (total ≈ ?)
    ✓  8 new prospects collected

[86/192] Golden (goldenvolunteer.com)
    [CRM]  Page   1/1 — 1 results (total ≈ 1)
    ✓  1 CRM contacts found
    [NEW]  Page   1/1 — 5 results (total ≈ ?)
    ✓  5 new prospects collected

[87/192] AppSumo (appsumo.com)
    [CRM]  Page   1/0 — 0 results (total ≈ 0)
    –  No CRM contacts found
    [NEW]  Page   1/1 — 3 results (total ≈ ?)
    ✓  3 new prospects collected

[88/192] Futuri (futurimedia.com)
    [CRM]  Page   1/0 — 0 results (total ≈ 0)
    –  No CRM contacts found
    [NEW]  Page   1/1 — 5 results (total ≈ ?)
    ✓  5 new prospects collected

[89/192] Paperless Parts (paperlessparts.com)
    [CRM]  Page   1/1 — 1 results (total ≈ 1)
    ✓  1 CRM contacts found
    [NEW]  Page   1/1 — 4 results (total ≈ ?)
    ✓  4 new prospects collected

[90/192] Arta (arta.io)
    [CRM]  Page   1/1 — 1 results (total ≈ 1)
    ✓  1 CRM contacts found
    [NEW]  Page   1/1 — 2 results (total ≈ ?)
    ✓  2 new prospects collected

[91/192] Wiser Solutions (wiser.com)
    [CRM]  Page   1/1 — 1 results (total ≈ 1)
    ✓  1 CRM contacts found
    [NEW]  Page   1/1 — 12 results (total ≈ ?)
    ✓  12 new prospects collected

[92/192] Goldcast (goldcast.io)
    [CRM]  Page   1/1 — 1 results (total ≈ 1)
    ✓  1 CRM contacts found
    [NEW]  Page   1/1 — 11 results (total ≈ ?)
    ✓  11 new prospects collected

[93/192] Nue.io (nue.io)
    [CRM]  Page   1/0 — 0 results (total ≈ 0)
    –  No CRM contacts found
    [NEW]  Page   1/1 — 9 results (total ≈ ?)
    ✓  9 new prospects collected

[94/192] Presto Phoenix (presto.com)
    [CRM]  Page   1/0 — 0 results (total ≈ 0)
    –  No CRM contacts found
    [NEW]  Page   1/1 — 8 results (total ≈ ?)
    ✓  8 new prospects collected

[95/192] Dimitra Technology (dimitra.io)
    [CRM]  Page   1/1 — 1 results (total ≈ 1)
    ✓  1 CRM contacts found
    [NEW]  Page   1/1 — 1 results (total ≈ ?)
    ✓  1 new prospects collected

[96/192] XYZ Reality (xyzreality.com)
    [CRM]  Page   1/0 — 0 results (total ≈ 0)
    –  No CRM contacts found
    [NEW]  Page   1/1 — 4 results (total ≈ ?)
    ✓  4 new prospects collected

[97/192] Switchfly (switchfly.com)
    [CRM]  Page   1/0 — 0 results (total ≈ 0)
    –  No CRM contacts found
    [NEW]  Page   1/1 — 7 results (total ≈ ?)
    ✓  7 new prospects collected

[98/192] Blueflame AI (blueflame.ai)
    [CRM]  Page   1/0 — 0 results (total ≈ 0)
    –  No CRM contacts found
    [NEW]  Page   1/1 — 9 results (total ≈ ?)
    ✓  9 new prospects collected

[99/192] Blockskye (blockskye.com)
    [CRM]  Page   1/1 — 1 results (total ≈ 1)
    ✓  1 CRM contacts found
    [NEW]  Page   1/1 — 4 results (total ≈ ?)
    ✓  4 new prospects collected

[100/192] Elemica (elemica.com)
    [CRM]  Page   1/1 — 1 results (total ≈ 1)
    ✓  1 CRM contacts found
    [NEW]  Page   1/1 — 11 results (total ≈ ?)
    ✓  11 new prospects collected

[101/192] Texada (texadasoftware.com)
    [CRM]  Page   1/1 — 1 results (total ≈ 1)
    ✓  1 CRM contacts found
    [NEW]  Page   1/1 — 8 results (total ≈ ?)
    ✓  8 new prospects collected

[102/192] Fairmarkit (fairmarkit.com)
    [CRM]  Page   1/1 — 1 results (total ≈ 1)
    ✓  1 CRM contacts found
    [NEW]  Page   1/1 — 6 results (total ≈ ?)
    ✓  6 new prospects collected

[103/192] Chartbeat (chartbeat.com)
    [CRM]  Page   1/1 — 1 results (total ≈ 1)
    ✓  1 CRM contacts found
    [NEW]  Page   1/1 — 6 results (total ≈ ?)
    ✓  6 new prospects collected

[104/192] Fluxx (fluxx.io)
    [CRM]  Page   1/1 — 1 results (total ≈ 1)
    ✓  1 CRM contacts found
    [NEW]  Page   1/1 — 8 results (total ≈ ?)
    ✓  8 new prospects collected

[105/192] VINCUE (vincue.com)
    [CRM]  Page   1/0 — 0 results (total ≈ 0)
    –  No CRM contacts found
    [NEW]  Page   1/1 — 6 results (total ≈ ?)
    ✓  6 new prospects collected

[106/192] Stayntouch (stayntouch.com)
    [CRM]  Page   1/1 — 1 results (total ≈ 1)
    ✓  1 CRM contacts found
    [NEW]  Page   1/1 — 6 results (total ≈ ?)
    ✓  6 new prospects collected

[107/192] Kustomer (kustomer.com)
    [CRM]  Page   1/1 — 1 results (total ≈ 1)
    ✓  1 CRM contacts found
    [NEW]  Page   1/1 — 6 results (total ≈ ?)
    ✓  6 new prospects collected

[108/192] OrthoFi (orthofi.com)
    [CRM]  Page   1/0 — 0 results (total ≈ 0)
    –  No CRM contacts found
    [NEW]  Page   1/1 — 5 results (total ≈ ?)
    ✓  5 new prospects collected

[109/192] SmartKargo (smartkargo.com)
    [CRM]  Page   1/0 — 0 results (total ≈ 0)
    –  No CRM contacts found
    [NEW]  Page   1/1 — 4 results (total ≈ ?)
    ✓  4 new prospects collected

[110/192] Rollick (rollick.io)
    [CRM]  Page   1/0 — 0 results (total ≈ 0)
    –  No CRM contacts found
    [NEW]  Page   1/1 — 2 results (total ≈ ?)
    ✓  2 new prospects collected

[111/192] Aurigo (aurigo.com)
    [CRM]  Page   1/1 — 1 results (total ≈ 1)
    ✓  1 CRM contacts found
    [NEW]  Page   1/1 — 10 results (total ≈ ?)
    ✓  10 new prospects collected

[112/192] Findhelp (findhelp.com)
    [CRM]  Page   1/0 — 0 results (total ≈ 0)
    –  No CRM contacts found
    [NEW]  Page   1/1 — 9 results (total ≈ ?)
    ✓  9 new prospects collected

[113/192] Elementum AI (elementum.ai)
    [CRM]  Page   1/0 — 0 results (total ≈ 0)
    –  No CRM contacts found
    [NEW]  Page   1/1 — 4 results (total ≈ ?)
    ✓  4 new prospects collected

[114/192] entomo (entomo.co)
    [CRM]  Page   1/0 — 0 results (total ≈ 0)
    –  No CRM contacts found
    [NEW]  Page   1/1 — 17 results (total ≈ ?)
    ✓  17 new prospects collected

[115/192] Jellyvision (jellyvision.com)
    [CRM]  Page   1/1 — 1 results (total ≈ 1)
    ✓  1 CRM contacts found
    [NEW]  Page   1/1 — 7 results (total ≈ ?)
    ✓  7 new prospects collected

[116/192] Binti (binti.com)
    [CRM]  Page   1/0 — 0 results (total ≈ 0)
    –  No CRM contacts found
    [NEW]  Page   1/1 — 5 results (total ≈ ?)
    ✓  5 new prospects collected

[117/192] MacStadium (macstadium.com)
    [CRM]  Page   1/1 — 1 results (total ≈ 1)
    ✓  1 CRM contacts found
    [NEW]  Page   1/1 — 6 results (total ≈ ?)
    ✓  6 new prospects collected

[118/192] CommandLink (commandlink.com)
    [CRM]  Page   1/1 — 2 results (total ≈ 2)
    ✓  2 CRM contacts found
    [NEW]  Page   1/1 — 6 results (total ≈ ?)
    ✓  6 new prospects collected

[119/192] Dimagi (dimagi.com)
    [CRM]  Page   1/1 — 2 results (total ≈ 2)
    ✓  2 CRM contacts found
    [NEW]  Page   1/1 — 8 results (total ≈ ?)
    ✓  8 new prospects collected

[120/192] Docupace (docupace.com)
    [CRM]  Page   1/1 — 1 results (total ≈ 1)
    ✓  1 CRM contacts found
    [NEW]  Page   1/1 — 7 results (total ≈ ?)
    ✓  7 new prospects collected

[121/192] Monetate (monetate.com)
    [CRM]  Page   1/1 — 1 results (total ≈ 1)
    ✓  1 CRM contacts found
    [NEW]  Page   1/1 — 6 results (total ≈ ?)
    ✓  6 new prospects collected

[122/192] Itential (itential.com)
    [CRM]  Page   1/1 — 2 results (total ≈ 2)
    ✓  2 CRM contacts found
    [NEW]  Page   1/1 — 13 results (total ≈ ?)
    ✓  13 new prospects collected

[123/192] One Door (onedoor.com)
    [CRM]  Page   1/1 — 1 results (total ≈ 1)
    ✓  1 CRM contacts found
    [NEW]  Page   1/1 — 5 results (total ≈ ?)
    ✓  5 new prospects collected

[124/192] Connectbase (connectbase.com)
    [CRM]  Page   1/1 — 4 results (total ≈ 4)
    ✓  4 CRM contacts found
    [NEW]  Page   1/1 — 9 results (total ≈ ?)
    ✓  9 new prospects collected

[125/192] SpotDraft (spotdraft.com)
    [CRM]  Page   1/0 — 0 results (total ≈ 0)
    –  No CRM contacts found
    [NEW]  Page   1/1 — 6 results (total ≈ ?)
    ✓  6 new prospects collected

[126/192] Tango (tangoanalytics.com)
    [CRM]  Page   1/0 — 0 results (total ≈ 0)
    –  No CRM contacts found
    [NEW]  Page   1/1 — 7 results (total ≈ ?)
    ✓  7 new prospects collected

[127/192] Twill (withtwill.com)
    [CRM]  Page   1/0 — 0 results (total ≈ 0)
    –  No CRM contacts found
    [NEW]  Page   1/1 — 3 results (total ≈ ?)
    ✓  3 new prospects collected

[128/192] Brandlive (brandlive.com)
    [CRM]  Page   1/1 — 1 results (total ≈ 1)
    ✓  1 CRM contacts found
    [NEW]  Page   1/1 — 6 results (total ≈ ?)
    ✓  6 new prospects collected

[129/192] Domino Data Lab (domino.ai)
    [CRM]  Page   1/0 — 0 results (total ≈ 0)
    –  No CRM contacts found
    [NEW]  Page   1/1 — 12 results (total ≈ ?)
    ✓  12 new prospects collected

[130/192] Exigo (exigo.com)
    [CRM]  Page   1/0 — 0 results (total ≈ 0)
    –  No CRM contacts found
    [NEW]  Page   1/1 — 5 results (total ≈ ?)
    ✓  5 new prospects collected

[131/192] Basys (basyspro.com)
    [CRM]  Page   1/1 — 1 results (total ≈ 1)
    ✓  1 CRM contacts found
    [NEW]  Page   1/1 — 4 results (total ≈ ?)
    ✓  4 new prospects collected

[132/192] Logiwa (logiwa.com)
    [CRM]  Page   1/0 — 0 results (total ≈ 0)
    –  No CRM contacts found
    [NEW]  Page   1/1 — 4 results (total ≈ ?)
    ✓  4 new prospects collected

[133/192] GRIN (grin.co)
    [CRM]  Page   1/0 — 0 results (total ≈ 0)
    –  No CRM contacts found
    [NEW]  Page   1/1 — 4 results (total ≈ ?)
    ✓  4 new prospects collected

[134/192] GovSpend (govspend.com)
    [CRM]  Page   1/0 — 0 results (total ≈ 0)
    –  No CRM contacts found
    [NEW]  Page   1/1 — 4 results (total ≈ ?)
    ✓  4 new prospects collected

[135/192] Raken (rakenapp.com)
    [CRM]  Page   1/1 — 1 results (total ≈ 1)
    ✓  1 CRM contacts found
    [NEW]  Page   1/1 — 8 results (total ≈ ?)
    ✓  8 new prospects collected

[136/192] AKKO (getakko.com)
    [CRM]  Page   1/1 — 1 results (total ≈ 1)
    ✓  1 CRM contacts found
    [NEW]  Page   1/1 — 3 results (total ≈ ?)
    ✓  3 new prospects collected

[137/192] Workera (workera.ai)
    [CRM]  Page   1/0 — 0 results (total ≈ 0)
    –  No CRM contacts found
    [NEW]  Page   1/1 — 7 results (total ≈ ?)
    ✓  7 new prospects collected

[138/192] Vu (vu.network)
    [CRM]  Page   1/0 — 0 results (total ≈ 0)
    –  No CRM contacts found
    [NEW]  Page   1/1 — 4 results (total ≈ ?)
    ✓  4 new prospects collected

[139/192] Autonoma AI (getautonoma.com)
    [CRM]  Page   1/1 — 1 results (total ≈ 1)
    ✓  1 CRM contacts found
    [NEW]  Page   1/1 — 6 results (total ≈ ?)
    ✓  6 new prospects collected

[140/192] EasyPost (easypost.com)
    [CRM]  Page   1/0 — 0 results (total ≈ 0)
    –  No CRM contacts found
    [NEW]  Page   1/1 — 9 results (total ≈ ?)
    ✓  9 new prospects collected

[141/192] RevenueWell (revenuewell.com)
    [CRM]  Page   1/0 — 0 results (total ≈ 0)
    –  No CRM contacts found
    [NEW]  Page   1/1 — 3 results (total ≈ ?)
    ✓  3 new prospects collected

[142/192] Model ML (modelml.com)
    [CRM]  Page   1/0 — 0 results (total ≈ 0)
    –  No CRM contacts found
    [NEW]  Page   1/1 — 1 results (total ≈ ?)
    ✓  1 new prospects collected

[143/192] Ezoic (ezoic.com)
    [CRM]  Page   1/1 — 1 results (total ≈ 1)
    ✓  1 CRM contacts found
    [NEW]  Page   1/1 — 2 results (total ≈ ?)
    ✓  2 new prospects collected

[144/192] vidIQ (vidiq.com)
    [CRM]  Page   1/1 — 1 results (total ≈ 1)
    ✓  1 CRM contacts found
    [NEW]  Page   1/1 — 5 results (total ≈ ?)
    ✓  5 new prospects collected

[145/192] Courier Health (courierhealth.com)
    [CRM]  Page   1/1 — 1 results (total ≈ 1)
    ✓  1 CRM contacts found
    [NEW]  Page   1/1 — 5 results (total ≈ ?)
    ✓  5 new prospects collected

[146/192] Loyal (loyalhealth.com)
    [CRM]  Page   1/0 — 0 results (total ≈ 0)
    –  No CRM contacts found
    [NEW]  Page   1/1 — 2 results (total ≈ ?)
    ✓  2 new prospects collected

[147/192] Valant (valant.io)
    [CRM]  Page   1/1 — 1 results (total ≈ 1)
    ✓  1 CRM contacts found
    [NEW]  Page   1/1 — 4 results (total ≈ ?)
    ✓  4 new prospects collected

[148/192] Impiricus (impiricus.com)
    [CRM]  Page   1/1 — 1 results (total ≈ 1)
    ✓  1 CRM contacts found
    [NEW]  Page   1/1 — 12 results (total ≈ ?)
    ✓  12 new prospects collected

[149/192] CloudBolt (cloudbolt.io)
    [CRM]  Page   1/0 — 0 results (total ≈ 0)
    –  No CRM contacts found
    [NEW]  Page   1/1 — 8 results (total ≈ ?)
    ✓  8 new prospects collected

[150/192] NexHealth (nexhealth.com)
    [CRM]  Page   1/1 — 1 results (total ≈ 1)
    ✓  1 CRM contacts found
    [NEW]  Page   1/1 — 9 results (total ≈ ?)
    ✓  9 new prospects collected

[151/192] Vibes (vibes.com)
    [CRM]  Page   1/1 — 1 results (total ≈ 1)
    ✓  1 CRM contacts found
    [NEW]  Page   1/1 — 11 results (total ≈ ?)
    ✓  11 new prospects collected

[152/192] Powerfront (powerfront.com)
    [CRM]  Page   1/1 — 2 results (total ≈ 2)
    ✓  2 CRM contacts found
    [NEW]  Page   1/1 — 5 results (total ≈ ?)
    ✓  5 new prospects collected

[153/192] Deposco (deposco.com)
    [CRM]  Page   1/1 — 1 results (total ≈ 1)
    ✓  1 CRM contacts found
    [NEW]  Page   1/1 — 9 results (total ≈ ?)
    ✓  9 new prospects collected

[154/192] InstaMed a J.P. Morgan company (instamed.com)
    [CRM]  Page   1/0 — 0 results (total ≈ 0)
    –  No CRM contacts found
    [NEW]  Page   1/1 — 5 results (total ≈ ?)
    ✓  5 new prospects collected

[155/192] AlertMedia (alertmedia.com)
    [CRM]  Page   1/1 — 4 results (total ≈ 4)
    ✓  4 CRM contacts found
    [NEW]  Page   1/1 — 9 results (total ≈ ?)
    ✓  9 new prospects collected

[156/192] Archipelago (onarchipelago.com)
    [CRM]  Page   1/1 — 1 results (total ≈ 1)
    ✓  1 CRM contacts found
    [NEW]  Page   1/1 — 6 results (total ≈ ?)
    ✓  6 new prospects collected

[157/192] PartnerStack (partnerstack.com)
    [CRM]  Page   1/0 — 0 results (total ≈ 0)
    –  No CRM contacts found
    [NEW]  Page   1/1 — 7 results (total ≈ ?)
    ✓  7 new prospects collected

[158/192] Tactiq (tactiqtech.com)
    [CRM]  Page   1/1 — 1 results (total ≈ 1)
    ✓  1 CRM contacts found
    [NEW]  Page   1/1 — 2 results (total ≈ ?)
    ✓  2 new prospects collected

[159/192] Rootstock (rootstock.com)
    [CRM]  Page   1/1 — 2 results (total ≈ 2)
    ✓  2 CRM contacts found
    [NEW]  Page   1/1 — 4 results (total ≈ ?)
    ✓  4 new prospects collected

[160/192] JuliaHub (juliahub.com)
    [CRM]  Page   1/1 — 1 results (total ≈ 1)
    ✓  1 CRM contacts found
    [NEW]  Page   1/1 — 10 results (total ≈ ?)
    ✓  10 new prospects collected

[161/192] Skillable (skillable.com)
    [CRM]  Page   1/1 — 1 results (total ≈ 1)
    ✓  1 CRM contacts found
    [NEW]  Page   1/1 — 8 results (total ≈ ?)
    ✓  8 new prospects collected

[162/192] Vi (vi.co)
    [CRM]  Page   1/1 — 1 results (total ≈ 1)
    ✓  1 CRM contacts found
    [NEW]  Page   1/1 — 10 results (total ≈ ?)
    ✓  10 new prospects collected

[163/192] Drivemode (drivemode.com)
    [CRM]  Page   1/0 — 0 results (total ≈ 0)
    –  No CRM contacts found
    [NEW]  Page   1/1 — 3 results (total ≈ ?)
    ✓  3 new prospects collected

[164/192] Single Digits (singledigits.com)
    [CRM]  Page   1/0 — 0 results (total ≈ 0)
    –  No CRM contacts found
    [NEW]  Page   1/1 — 3 results (total ≈ ?)
    ✓  3 new prospects collected

[165/192] BrightAI (bright.ai)
    [CRM]  Page   1/0 — 0 results (total ≈ 0)
    –  No CRM contacts found
    [NEW]  Page   1/1 — 9 results (total ≈ ?)
    ✓  9 new prospects collected

[166/192] EON (eon.xyz)
    [CRM]  Page   1/1 — 1 results (total ≈ 1)
    ✓  1 CRM contacts found
    [NEW]  Page   1/1 — 2 results (total ≈ ?)
    ✓  2 new prospects collected

[167/192] InfoTrack US (infotrack.com)
    [CRM]  Page   1/0 — 0 results (total ≈ 0)
    –  No CRM contacts found
    [NEW]  Page   1/1 — 5 results (total ≈ ?)
    ✓  5 new prospects collected

[168/192] Gruve (gruve.ai)
    [CRM]  Page   1/1 — 1 results (total ≈ 1)
    ✓  1 CRM contacts found
    [NEW]  Page   1/1 — 9 results (total ≈ ?)
    ✓  9 new prospects collected

[169/192] Pallet (pallet.com)
    [CRM]  Page   1/1 — 1 results (total ≈ 1)
    ✓  1 CRM contacts found
    [NEW]  Page   1/1 — 8 results (total ≈ ?)
    ✓  8 new prospects collected

[170/192] Fulcrum (fulcrumapp.com)
    [CRM]  Page   1/0 — 0 results (total ≈ 0)
    –  No CRM contacts found
    [NEW]  Page   1/1 — 7 results (total ≈ ?)
    ✓  7 new prospects collected

[171/192] Lob (lob.com)
    [CRM]  Page   1/1 — 1 results (total ≈ 1)
    ✓  1 CRM contacts found
    [NEW]  Page   1/1 — 11 results (total ≈ ?)
    ✓  11 new prospects collected

[172/192] Aravo Solutions (aravo.com)
    [CRM]  Page   1/1 — 1 results (total ≈ 1)
    ✓  1 CRM contacts found
    [NEW]  Page   1/1 — 11 results (total ≈ ?)
    ✓  11 new prospects collected

[173/192] ShipHawk (shiphawk.com)
    [CRM]  Page   1/1 — 1 results (total ≈ 1)
    ✓  1 CRM contacts found
    [NEW]  Page   1/1 — 4 results (total ≈ ?)
    ✓  4 new prospects collected

[174/192] Lotame (lotame.com)
    [CRM]  Page   1/0 — 0 results (total ≈ 0)
    –  No CRM contacts found
    [NEW]  Page   1/1 — 4 results (total ≈ ?)
    ✓  4 new prospects collected

[175/192] Dispatch (dispatch.me)
    [CRM]  Page   1/1 — 1 results (total ≈ 1)
    ✓  1 CRM contacts found
    [NEW]  Page   1/1 — 7 results (total ≈ ?)
    ✓  7 new prospects collected

[176/192] Raydiant (raydiant.me)
    [CRM]  Page   1/1 — 1 results (total ≈ 1)
    ✓  1 CRM contacts found
    [NEW]  Page   1/1 — 0 results (total ≈ ?)
    –  No new prospects found

[177/192] Revenue.io (revenue.io)
    [CRM]  Page   1/1 — 1 results (total ≈ 1)
    ✓  1 CRM contacts found
    [NEW]  Page   1/1 — 4 results (total ≈ ?)
    ✓  4 new prospects collected

[178/192] Beyond Now (beyondnow.com)
    [CRM]  Page   1/0 — 0 results (total ≈ 0)
    –  No CRM contacts found
    [NEW]  Page   1/1 — 2 results (total ≈ ?)
    ✓  2 new prospects collected

[179/192] Smart Communications (smartcommunications.com)
    [CRM]  Page   1/1 — 1 results (total ≈ 1)
    ✓  1 CRM contacts found
    [NEW]  Page   1/1 — 11 results (total ≈ ?)
    ✓  11 new prospects collected

[180/192] Metrc (metrc.com)
    [CRM]  Page   1/1 — 1 results (total ≈ 1)
    ✓  1 CRM contacts found
    [NEW]  Page   1/1 — 7 results (total ≈ ?)
    ✓  7 new prospects collected

[181/192] Autonomize AI (autonomize.ai)
    [CRM]  Page   1/1 — 1 results (total ≈ 1)
    ✓  1 CRM contacts found
    [NEW]  Page   1/1 — 5 results (total ≈ ?)
    ✓  5 new prospects collected

[182/192] CommerceHub (commercehub.com)
    [CRM]  Page   1/0 — 0 results (total ≈ 0)
    –  No CRM contacts found
    [NEW]  Page   1/1 — 15 results (total ≈ ?)
    ✓  15 new prospects collected

[183/192] Syndio (synd.io)
    [CRM]  Page   1/1 — 1 results (total ≈ 1)
    ✓  1 CRM contacts found
    [NEW]  Page   1/1 — 12 results (total ≈ ?)
    ✓  12 new prospects collected

[184/192] Actsoft (actsoft.com)
    [CRM]  Page   1/1 — 1 results (total ≈ 1)
    ✓  1 CRM contacts found
    [NEW]  Page   1/1 — 3 results (total ≈ ?)
    ✓  3 new prospects collected

[185/192] Magic Labs (magic.link)
    [CRM]  Page   1/0 — 0 results (total ≈ 0)
    –  No CRM contacts found
    [NEW]  Page   1/1 — 6 results (total ≈ ?)
    ✓  6 new prospects collected

[186/192] Fastbreak AI (fastbreak.ai)
    [CRM]  Page   1/1 — 1 results (total ≈ 1)
    ✓  1 CRM contacts found
    [NEW]  Page   1/1 — 4 results (total ≈ ?)
    ✓  4 new prospects collected

[187/192] SupplyPike (supplypike.com)
    [CRM]  Page   1/0 — 0 results (total ≈ 0)
    –  No CRM contacts found
    [NEW]  Page   1/1 — 0 results (total ≈ ?)
    –  No new prospects found

[188/192] Vyond (vyond.com)
    [CRM]  Page   1/0 — 0 results (total ≈ 0)
    –  No CRM contacts found
    [NEW]  Page   1/1 — 6 results (total ≈ ?)
    ✓  6 new prospects collected

[189/192] Percona (percona.com)
    [CRM]  Page   1/0 — 0 results (total ≈ 0)
    –  No CRM contacts found
    [NEW]  Page   1/1 — 8 results (total ≈ ?)
    ✓  8 new prospects collected

[190/192] Kipu Health (kipuhealth.com)
    [CRM]  Page   1/1 — 2 results (total ≈ 2)
    ✓  2 CRM contacts found
    [NEW]  Page   1/1 — 15 results (total ≈ ?)
    ✓  15 new prospects collected

[191/192] OroCommerce (oroinc.com)
    [CRM]  Page   1/1 — 1 results (total ≈ 1)
    ✓  1 CRM contacts found
    [NEW]  Page   1/1 — 4 results (total ≈ ?)
    ✓  4 new prospects collected

[192/192] Vibrent Health (vibrenthealth.com)
    [CRM]  Page   1/1 — 1 results (total ≈ 1)
    ✓  1 CRM contacts found
    [NEW]  Page   1/1 — 4 results (total ≈ ?)
    ✓  4 new prospects collected

──────────────────────────────────────────────────────────────
  Total unique contacts  : 1077
    ├─ CRM contacts      : 188  (already saved in Apollo)
    └─ New prospects     : 889  (new leads, not yet saved)

  ✅  Searched API Output Saved → 'output/apollo_people_search_20may2026_113340.xlsx'
            ├───── Total contacts     : 1077
            ├───── CRM contacts       : 188  (already saved in Apollo)
            ├───── New prospects      : 889  (not yet saved)
            └───── Pre-enriched       : 188  (have email already)

  ─── NEXT STEP ───────────────────────────────────────────
  1. Open 'c:\Users\tejas\OneDrive - JIGNECT TECHNOLOGIES PRIVATE LIMITED\📌 W O R K 📌\Projects\apollo-data-scrapper\scripts\..\output\apollo_people_search_20may2026_113340.xlsx'
  2. Review the Contacts sheet — filter rows you want
  3. Save filtered rows as a new file
  4. Run Script 2 (apollo_bulk_create.py) to enrich + save
     Note: CRM_CONTACT rows are already saved — tracker will
     skip re-enriching them if already processed before.
──────────────────────────────────────────────────────────────

PS C:\Users\tejas\OneDrive - JIGNECT TECHNOLOGIES PRIVATE LIMITED\📌 W O R K 📌\Projects\apollo-data-scrapper> & C:\Users\tejas\AppData\Local\Programs\Python\Python314\python.exe "c:/Users/tejas/OneDrive - JIGNECT TECHNOLOGIES PRIVATE LIMITED/📌 W O R K 📌/Projects/apollo-data-scrapper/scripts/STEP_2_apollo_bulk_match_and_enrich_and_bulkCreate.py"

══════════════════════════════════════════════════════════════
  Apollo Bulk People Enrichment — Step 2 of 2
  Endpoint: POST /api/v1/people/bulk_match
══════════════════════════════════════════════════════════════
  Input file            : output/apollo_people_search_20may2026_113340.xlsx
  Output file           : output/apollo_enriched_20may2026_131813.xlsx
  Batch size (enrich)   : 10  (Apollo max per bulk_match call)
  Batch size (CRM save) : 100  (Apollo max per bulk_create call)
  Reveal personal email : True
  Reveal phone number   : False
  Create in CRM now     : True
  Labels to apply       : Created_with_ApolloAPI
══════════════════════════════════════════════════════════════

  Loaded 812 contacts from 'output/apollo_people_search_20may2026_113340.xlsx'
  🧠  Seeding Master DB with 188 CRM contacts from input...

  🧠  Master DB Updated Successfully ✅
            ├───── Updated existing      : 0
            ├───── Inserted new          : 188
            ├───── Total records in DB   : 1276
            ├───── Enriched (API called) : 1272
            ├───── In CRM                : 1272
            └───── Have email            : 1152

  👀  View Master DB File 👉 → 'output/master_lead_database.xlsx'

  🧠  Smart Filter Summary Before Enrichment:
       ├─ Total input            : 812
       ├─ To enrich (NEW)        : 624
       ├─ Skipped (total)        : 188
       │   ├─ Master DB dupes    : 188
       │   └─ CRM pre-enriched   : 0
       └─ Credits saved          : 188  🎉🫀
  Processing 812 contacts in 63 batch(es) of 10...

  Batch   1/63  (10 IDs)... ✓  matched=10  missing=0  credits=10
  Batch   2/63  (10 IDs)... ✓  matched=10  missing=0  credits=10
  Batch   3/63  (10 IDs)... ✓  matched=10  missing=0  credits=10
  Batch   4/63  (10 IDs)... ✓  matched=10  missing=0  credits=10
  Batch   5/63  (10 IDs)... ✓  matched=10  missing=0  credits=10
  Batch   6/63  (10 IDs)... ✓  matched=10  missing=0  credits=10
  Batch   7/63  (10 IDs)... ✓  matched=10  missing=0  credits=10
  Batch   8/63  (10 IDs)... ✓  matched=10  missing=0  credits=10
  Batch   9/63  (10 IDs)... ✓  matched=10  missing=0  credits=10
  Batch  10/63  (10 IDs)... ✓  matched=10  missing=0  credits=10
  Batch  11/63  (10 IDs)... ✓  matched=10  missing=0  credits=10
  Batch  12/63  (10 IDs)... ✓  matched=10  missing=0  credits=10
  Batch  13/63  (10 IDs)... ✓  matched=10  missing=0  credits=10
  Batch  14/63  (10 IDs)... ✓  matched=10  missing=0  credits=10
  Batch  15/63  (10 IDs)... ✓  matched=10  missing=0  credits=10
  Batch  16/63  (10 IDs)... ✓  matched=10  missing=0  credits=10
  Batch  17/63  (10 IDs)... ✓  matched=10  missing=0  credits=10
  Batch  18/63  (10 IDs)... ✓  matched=10  missing=0  credits=10
  Batch  19/63  (10 IDs)... ✓  matched=10  missing=0  credits=10
  Batch  20/63  (10 IDs)... ✓  matched=10  missing=0  credits=10
  Batch  21/63  (10 IDs)... ✓  matched=10  missing=0  credits=10
  Batch  22/63  (10 IDs)... ✓  matched=10  missing=0  credits=10
  Batch  23/63  (10 IDs)... ✓  matched=10  missing=0  credits=10
  Batch  24/63  (10 IDs)... ✓  matched=10  missing=0  credits=10
  Batch  25/63  (10 IDs)... ✓  matched=10  missing=0  credits=10
  Batch  26/63  (10 IDs)... ✓  matched=10  missing=0  credits=10
  Batch  27/63  (10 IDs)... ✓  matched=10  missing=0  credits=10
  Batch  28/63  (10 IDs)... ✓  matched=10  missing=0  credits=10
  Batch  29/63  (10 IDs)... ✓  matched=10  missing=0  credits=10
  Batch  30/63  (10 IDs)... ✓  matched=10  missing=0  credits=10
  Batch  31/63  (10 IDs)... ✓  matched=10  missing=0  credits=10
  Batch  32/63  (10 IDs)... ✓  matched=10  missing=0  credits=10
  Batch  33/63  (10 IDs)... ✓  matched=10  missing=0  credits=10
  Batch  34/63  (10 IDs)... ✓  matched=10  missing=0  credits=10
  Batch  35/63  (10 IDs)... ✓  matched=10  missing=0  credits=10
  Batch  36/63  (10 IDs)... ✓  matched=10  missing=0  credits=10
  Batch  37/63  (10 IDs)... ✓  matched=10  missing=0  credits=10
  Batch  38/63  (10 IDs)... ✓  matched=10  missing=0  credits=10
  Batch  39/63  (10 IDs)... ✓  matched=10  missing=0  credits=10
  Batch  40/63  (10 IDs)... ✓  matched=10  missing=0  credits=10
  Batch  41/63  (10 IDs)... ✓  matched=10  missing=0  credits=10
  Batch  42/63  (10 IDs)... ✓  matched=10  missing=0  credits=10
  Batch  43/63  (10 IDs)... ✓  matched=10  missing=0  credits=10
  Batch  44/63  (10 IDs)... ✓  matched=10  missing=0  credits=10
  Batch  45/63  (10 IDs)... ✓  matched=10  missing=0  credits=10
  Batch  46/63  (10 IDs)... ✓  matched=10  missing=0  credits=10
  Batch  47/63  (10 IDs)... ✓  matched=10  missing=0  credits=10
  Batch  48/63  (10 IDs)... ✓  matched=10  missing=0  credits=10
  Batch  49/63  (10 IDs)... ✓  matched=10  missing=0  credits=10
  Batch  50/63  (10 IDs)... ✓  matched=10  missing=0  credits=10
  Batch  51/63  (10 IDs)... ✓  matched=10  missing=0  credits=10
  Batch  52/63  (10 IDs)... ✓  matched=10  missing=0  credits=10
  Batch  53/63  (10 IDs)... ✓  matched=10  missing=0  credits=10
  Batch  54/63  (10 IDs)... ✓  matched=10  missing=0  credits=10
  Batch  55/63  (10 IDs)... ✓  matched=10  missing=0  credits=10
  Batch  56/63  (10 IDs)... ✓  matched=10  missing=0  credits=10
  Batch  57/63  (10 IDs)... ✓  matched=10  missing=0  credits=10
  Batch  58/63  (10 IDs)... ✓  matched=10  missing=0  credits=10
  Batch  59/63  (10 IDs)... ✓  matched=10  missing=0  credits=10
  Batch  60/63  (10 IDs)... ✓  matched=10  missing=0  credits=10
  Batch  61/63  (10 IDs)... ✓  matched=10  missing=0  credits=10
  Batch  62/63  (10 IDs)... ✓  matched=10  missing=0  credits=10
  Batch  63/63  (4 IDs)... ✓  matched=4  missing=0  credits=4

──────────────────────────────────────────────────────────────

  ✅  Saved → 'output/apollo_enriched_20may2026_131813.xlsx'
       ├───── Mode: Multi Sheets
       ├───── Enriched (all rows)    : 812
       ├───── Matched  (API success) : 624
       ├───── Unmatched              : 188
       └───── CRM Save (bulk_create) : 624

  Unmatched person IDs (188): 630726014860890001621bdc, 66f292e7b53d800001c538c2, 57dabdcaa6da984a44de6ea5, 66f66ae5301b250001ea0db2, 60b87e328eec6100017f3eef...
  ─── SHEETS GUIDE ────────────────────────────────────────
  'Enriched'  = ALL input rows (matched + unmatched, same order)
  'Matched'   = Rows where Apollo API returned data (not guaranteed to have email) 
  'Unmatched' = Rows Apollo could not find any match
  'CRM Save'  = Ready for CRM upload via 'contacts/bulk_create' API
  ─────────────────────────────────────────────────────────
  🚨🚨🚨 Total enrichment credits consumed : 624

  Saving 624 contacts to Apollo CRM in 7 batch(es)...

  CRM Batch   1/7  (100 contacts)... ✓  created=99  existing=1
  CRM Batch   2/7  (100 contacts)... ✓  created=100  existing=0
  CRM Batch   3/7  (100 contacts)... ✓  created=100  existing=0
  CRM Batch   4/7  (100 contacts)... ✓  created=100  existing=0
  CRM Batch   5/7  (100 contacts)... ✓  created=100  existing=0
  CRM Batch   6/7  (100 contacts)... ✓  created=100  existing=0
  CRM Batch   7/7  (24 contacts)... ✓  created=24  existing=0

  ── CRM Save Completed ✅ ──────────────────────────────────
     Total created  : 623
     Total existing : 1  (already in your CRM, not duplicated)

  🧠  Master DB Updated Successfully ✅
            ├───── Updated existing      : 188
            ├───── Inserted new          : 624
            ├───── Total records in DB   : 1900
            ├───── Enriched (API called) : 1896
            ├───── In CRM                : 1896
            └───── Have email            : 1684

  👀  View Master DB File 👉 → 'output/master_lead_database.xlsx'

  ════════════════════════════════════════════════════════════
  ✅  Run Complete 🏁
       ├───── ✨ Enriched this run      : 624  contacts
       ├───── 💰 Credits consumed       : 624  
       ├───── 🔽 Output saved           : output/apollo_enriched_20may2026_131813.xlsx
       └───── 🔐 Master DB              : output/master_lead_database.xlsx
  ════════════════════════════════════════════════════════════

PS C:\Users\tejas\OneDrive - JIGNECT TECHNOLOGIES PRIVATE LIMITED\📌 W O R K 📌\Projects\apollo-data-scrapper> & C:\Users\tejas\AppData\Local\Programs\Python\Python314\python.exe "c:/Users/tejas/OneDrive - JIGNECT TECHNOLOGIES PRIVATE LIMITED/📌 W O R K 📌/Projects/apollo-data-scrapper/scripts/STEP_3_apollo_to_ignite_format.py"

══════════════════════════════════════════════════════════════
  Scrapped Data Formatter for Ignite Sheet — Final Step (3 of 3) 😎
  Apollo Master Lead DB   →  LinkedIn Ignite Format
══════════════════════════════════════════════════════════════
  Source file  : master_lead_database.xlsx
  Output file  : output/ignite_ready_contacts_<timestamp>.xlsx
  Mode         : Master DB
══════════════════════════════════════════════════════════════

  Source: Master DB → master_lead_database.xlsx

 👉  Input Data Load Summary:
          ├───── Total rows loaded   : 1900
          ├───── Enriched contacts   : 1896
          ├───── Have email          : 1684
          └───── Have LinkedIn URL   : 1896


  🚨🚨🚨 Unmapped Countries Found : 3
  Saved → unmapped_countries_20may2026_135323.csv
  👉 Fix mapping before running again.

PS C:\Users\tejas\OneDrive - JIGNECT TECHNOLOGIES PRIVATE LIMITED\📌 W O R K 📌\Projects\apollo-data-scrapper> & C:\Users\tejas\AppData\Local\Programs\Python\Python314\python.exe "c:/Users/tejas/OneDrive - JIGNECT TECHNOLOGIES PRIVATE LIMITED/📌 W O R K 📌/Projects/apollo-data-scrapper/scripts/STEP_3_apollo_to_ignite_format.py"

══════════════════════════════════════════════════════════════
  Scrapped Data Formatter for Ignite Sheet — Final Step (3 of 3) 😎
  Apollo Master Lead DB   →  LinkedIn Ignite Format
══════════════════════════════════════════════════════════════
  Source file  : master_lead_database.xlsx
  Output file  : output/ignite_ready_contacts_<timestamp>.xlsx
  Mode         : Master DB
══════════════════════════════════════════════════════════════

  Source: Master DB → master_lead_database.xlsx

 👉  Input Data Load Summary:
          ├───── Total rows loaded   : 1900
          ├───── Enriched contacts   : 1896
          ├───── Have email          : 1684
          └───── Have LinkedIn URL   : 1896

  🌍  Region Mapping Completed ✅:
       ├─ Africa              : 7
       ├─ Asia-Pacific        : 586
       ├─ Europe              : 141
       ├─ Latin America       : 8
       ├─ Middle East         : 120
       ├─ North America       : 1007
       ├─ Southeast Asia      : 20
       ├─ UnknownRegion       : 11


  ✅  Ignite Contacts File Ready → 'output/ignite_ready_contacts_20may2026_135602.xlsx'
            └─ Total contacts Rows          : 1900
                 ├─── Have LinkedIn         : 1896  (LinkedIn Ignite ready)
                 └─── Email Counts
                        ├── Have Email      : 1684
                        └── No email        : 216  (LinkedIn-only outreach)

  ════════════════════════════════════════════════════════════
  ✅  Run Completed 🏁
       └─── 👀 View Output File 👉 → 'output/ignite_ready_contacts_20may2026_135602.xlsx'
  ════════════════════════════════════════════════════════════

PS C:\Users\tejas\OneDrive - JIGNECT TECHNOLOGIES PRIVATE LIMITED\📌 W O R K 📌\Projects\apollo-data-scrapper> & C:\Users\tejas\AppData\Local\Programs\Python\Python314\python.exe "c:/Users/tejas/OneDrive - JIGNECT TECHNOLOGIES PRIVATE LIMITED/📌 W O R K 📌/Projects/apollo-data-scrapper/scripts/STEP_4_apollo_ignite_master_merger.py"

══════════════════════════════════════════════════════════════
  Ignite Master Merger — Step 4 of 4
  mergeSourceSheetsIntoMaster  (Python Port)
══════════════════════════════════════════════════════════════
  Master file   : Scrapped Master Data By Tejas - Apollo.xlsx
  Source file   : ignite_ready_contacts_20may2026_135602.xlsx
  Output file   : ignite_master_merged_20may2026_135704.xlsx
  Dedup columns : First Name, Last Name, Email
  Occurrence    : First kept (master priority)
══════════════════════════════════════════════════════════════

  Reading Master: Scrapped Master Data By Tejas - Apollo.xlsx  [sheet='Sheet1']
  └─ Loaded 2516 rows  (21 columns)

  Output will have 21 columns.

  Loading master rows...
  └─ 2516 unique master rows loaded.

  Reading Source: ignite_ready_contacts_20may2026_135602.xlsx  [sheet='Sheet1']
  └─ Loaded 1900 rows  (21 columns)

  Merging source rows...
  └─ Added (new)     : 806
  └─ Skipped (exact) : 1086
  └─ Name-merged     : 8  (same name, different email -> kept more complete row)

──────────────────────────────────────────────────────────────
  ✅  Saved -> 'ignite_master_merged_20may2026_135704.xlsx'
       ├─ Master rows    : 2516
       ├─ Source rows    : 1900
       ├─ New rows added : 806
       ├─ Duplicates     : 1086
       ├─ Name-merged    : 8
       └─ Total output   : 3322 unique rows
══════════════════════════════════════════════════════════════

PS C:\Users\tejas\OneDrive - JIGNECT TECHNOLOGIES PRIVATE LIMITED\📌 W O R K 📌\Projects\apollo-data-scrapper> 

2nd lot of 153 companies starts here...

PS C:\Users\tejas\OneDrive - JIGNECT TECHNOLOGIES PRIVATE LIMITED\📌 W O R K 📌\Projects\apollo-data-scrapper> & C:\Users\tejas\AppData\Local\Programs\Python\Python314\python.exe "c:/Users/tejas/OneDrive - JIGNECT TECHNOLOGIES PRIVATE LIMITED/📌 W O R K 📌/Projects/apollo-data-scrapper/scripts/STEP_1_apollo_people_search.py"

══════════════════════════════════════════════════════════════
  Apollo People Search Scraper — Step 1 of 2
  Searches: New Prospects + Already Saved CRM Contacts
══════════════════════════════════════════════════════════════
  ✔  All 153 company domains validated OK

  Titles filter  : 32 roles
  Output file    : c:\Users\tejas\OneDrive - JIGNECT TECHNOLOGIES PRIVATE LIMITED\📌 W O R K 📌\Projects\apollo-data-scrapper\scripts\..\output\apollo_people_search_20may2026_141054.xlsx
  Master DB      : c:\Users\tejas\OneDrive - JIGNECT TECHNOLOGIES PRIVATE LIMITED\📌 W O R K 📌\Projects\apollo-data-scrapper\scripts\..\output\master_lead_database.xlsx
══════════════════════════════════════════════════════════════

[ 1/153] NimbleRx (nimblerx.com)
    [CRM]  Page   1/1 — 2 results (total ≈ 2)
    ✓  2 CRM contacts found
    [NEW]  Page   1/1 — 3 results (total ≈ ?)
    ✓  3 new prospects collected

[ 2/153] Togetherwork (togetherwork.com)
    [CRM]  Page   1/0 — 0 results (total ≈ 0)
    –  No CRM contacts found
    [NEW]  Page   1/1 — 18 results (total ≈ ?)
    ✓  18 new prospects collected

[ 3/153] LogiNext (loginextsolutions.com)
    [CRM]  Page   1/1 — 1 results (total ≈ 1)
    ✓  1 CRM contacts found
    [NEW]  Page   1/1 — 6 results (total ≈ ?)
    ✓  6 new prospects collected

[ 4/153] Accrete (accrete.ai)
    [CRM]  Page   1/0 — 0 results (total ≈ 0)
    –  No CRM contacts found
    [NEW]  Page   1/1 — 8 results (total ≈ ?)
    ✓  8 new prospects collected

[ 5/153] Network Optix (networkoptix.com)
    [CRM]  Page   1/0 — 0 results (total ≈ 0)
    –  No CRM contacts found
    [NEW]  Page   1/1 — 4 results (total ≈ ?)
    ✓  4 new prospects collected

[ 6/153] Nitrogen (nitrogenwealth.com)
    [CRM]  Page   1/1 — 2 results (total ≈ 2)
    ✓  2 CRM contacts found
    [NEW]  Page   1/1 — 5 results (total ≈ ?)
    ✓  5 new prospects collected

[ 7/153] Mangomint (mangomint.com)
    [CRM]  Page   1/0 — 0 results (total ≈ 0)
    –  No CRM contacts found
    [NEW]  Page   1/1 — 7 results (total ≈ ?)
    ✓  7 new prospects collected

[ 8/153] Miva (miva.com)
    [CRM]  Page   1/0 — 0 results (total ≈ 0)
    –  No CRM contacts found
    [NEW]  Page   1/1 — 3 results (total ≈ ?)
    ✓  3 new prospects collected

[ 9/153] Electric (electric.ai)
    [CRM]  Page   1/0 — 0 results (total ≈ 0)
    –  No CRM contacts found
    [NEW]  Page   1/1 — 6 results (total ≈ ?)
    ✓  6 new prospects collected

[10/153] WorkFusion (workfusion.com)
    [CRM]  Page   1/0 — 0 results (total ≈ 0)
    –  No CRM contacts found
    [NEW]  Page   1/1 — 11 results (total ≈ ?)
    ✓  11 new prospects collected

[11/153] CTERA (ctera.com)
    [CRM]  Page   1/1 — 1 results (total ≈ 1)
    ✓  1 CRM contacts found
    [NEW]  Page   1/1 — 9 results (total ≈ ?)
    ✓  9 new prospects collected

[12/153] Pathwise (pathwisek12.com)
    [CRM]  Page   1/0 — 0 results (total ≈ 0)
    –  No CRM contacts found
    [NEW]  Page   1/1 — 5 results (total ≈ ?)
    ✓  5 new prospects collected

[13/153] Signpost (signpost.com)
    [CRM]  Page   1/0 — 0 results (total ≈ 0)
    –  No CRM contacts found
    [NEW]  Page   1/1 — 1 results (total ≈ ?)
    ✓  1 new prospects collected

[14/153] AVOXI (avoxi.com)
    [CRM]  Page   1/1 — 1 results (total ≈ 1)
    ✓  1 CRM contacts found
    [NEW]  Page   1/1 — 4 results (total ≈ ?)
    ✓  4 new prospects collected

[15/153] Rockbot (rockbot.com)
    [CRM]  Page   1/0 — 0 results (total ≈ 0)
    –  No CRM contacts found
    [NEW]  Page   1/1 — 7 results (total ≈ ?)
    ✓  7 new prospects collected

[16/153] Legion (legion.co)
    [CRM]  Page   1/1 — 1 results (total ≈ 1)
    ✓  1 CRM contacts found
    [NEW]  Page   1/1 — 14 results (total ≈ ?)
    ✓  14 new prospects collected

[17/153] LeanData (leandata.com)
    [CRM]  Page   1/1 — 1 results (total ≈ 1)
    ✓  1 CRM contacts found
    [NEW]  Page   1/1 — 10 results (total ≈ ?)
    ✓  10 new prospects collected

[18/153] ClassLink (classlink.com)
    [CRM]  Page   1/1 — 1 results (total ≈ 1)
    ✓  1 CRM contacts found
    [NEW]  Page   1/1 — 6 results (total ≈ ?)
    ✓  6 new prospects collected

[19/153] HONK (honkforhelp.com)
    [CRM]  Page   1/0 — 0 results (total ≈ 0)
    –  No CRM contacts found
    [NEW]  Page   1/1 — 5 results (total ≈ ?)
    ✓  5 new prospects collected

[20/153] Movista (movista.com)
    [CRM]  Page   1/0 — 0 results (total ≈ 0)
    –  No CRM contacts found
    [NEW]  Page   1/1 — 5 results (total ≈ ?)
    ✓  5 new prospects collected

[21/153] Aleo (aleo.org)
    [CRM]  Page   1/0 — 0 results (total ≈ 0)
    –  No CRM contacts found
    [NEW]  Page   1/1 — 2 results (total ≈ ?)
    ✓  2 new prospects collected

[22/153] PlanHub (planhub.com)
    [CRM]  Page   1/1 — 1 results (total ≈ 1)
    ✓  1 CRM contacts found
    [NEW]  Page   1/1 — 5 results (total ≈ ?)
    ✓  5 new prospects collected

[23/153] Sunset (sunsethq.com)
    [CRM]  Page   1/1 — 1 results (total ≈ 1)
    ✓  1 CRM contacts found
    [NEW]  Page   1/1 — 6 results (total ≈ ?)
    ✓  6 new prospects collected

[24/153] Constellation (helloconstellation.com)
    [CRM]  Page   1/1 — 1 results (total ≈ 1)
    ✓  1 CRM contacts found
    [NEW]  Page   1/1 — 6 results (total ≈ ?)
    ✓  6 new prospects collected

[25/153] BrightInsight (brightinsight.com)
    [CRM]  Page   1/0 — 0 results (total ≈ 0)
    –  No CRM contacts found
    [NEW]  Page   1/1 — 12 results (total ≈ ?)
    ✓  12 new prospects collected

[26/153] Aira (aira.io)
    [CRM]  Page   1/1 — 1 results (total ≈ 1)
    ✓  1 CRM contacts found
    [NEW]  Page   1/1 — 2 results (total ≈ ?)
    ✓  2 new prospects collected

[27/153] Unify (unifygtm.com)
    [CRM]  Page   1/0 — 0 results (total ≈ 0)
    –  No CRM contacts found
    [NEW]  Page   1/1 — 9 results (total ≈ ?)
    ✓  9 new prospects collected

[28/153] EDITED (edited.com)
    [CRM]  Page   1/1 — 1 results (total ≈ 1)
    ✓  1 CRM contacts found
    [NEW]  Page   1/1 — 5 results (total ≈ ?)
    ✓  5 new prospects collected

[29/153] Draup (draup.com)
    [CRM]  Page   1/0 — 0 results (total ≈ 0)
    –  No CRM contacts found
    [NEW]  Page   1/1 — 3 results (total ≈ ?)
    ✓  3 new prospects collected

[30/153] Alert Enterprise (alertenterprise.com)
    [CRM]  Page   1/0 — 0 results (total ≈ 0)
    –  No CRM contacts found
    [NEW]  Page   1/1 — 9 results (total ≈ ?)
    ✓  9 new prospects collected

[31/153] DataVisor (datavisor.com)
    [CRM]  Page   1/1 — 1 results (total ≈ 1)
    ✓  1 CRM contacts found
    [NEW]  Page   1/1 — 8 results (total ≈ ?)
    ✓  8 new prospects collected

[32/153] Accent (accent-technologies.com)
    [CRM]  Page   1/0 — 0 results (total ≈ 0)
    –  No CRM contacts found
    [NEW]  Page   1/1 — 4 results (total ≈ ?)
    ✓  4 new prospects collected

[33/153] TPGi a Vispero Company (tpgi.com)
    [CRM]  Page   1/0 — 0 results (total ≈ 0)
    –  No CRM contacts found
    [NEW]  Page   1/1 — 1 results (total ≈ ?)
    ✓  1 new prospects collected

[34/153] NewStore (newstore.com)
    [CRM]  Page   1/0 — 0 results (total ≈ 0)
    –  No CRM contacts found
    [NEW]  Page   1/1 — 8 results (total ≈ ?)
    ✓  8 new prospects collected

[35/153] Arkestro (arkestro.com)
    [CRM]  Page   1/1 — 1 results (total ≈ 1)
    ✓  1 CRM contacts found
    [NEW]  Page   1/1 — 5 results (total ≈ ?)
    ✓  5 new prospects collected

[36/153] Seel (seel.com)
    [CRM]  Page   1/0 — 0 results (total ≈ 0)
    –  No CRM contacts found
    [NEW]  Page   1/1 — 3 results (total ≈ ?)
    ✓  3 new prospects collected

[37/153] onXmaps (onxmaps.com)
    [CRM]  Page   1/0 — 0 results (total ≈ 0)
    –  No CRM contacts found
    [NEW]  Page   1/1 — 8 results (total ≈ ?)
    ✓  8 new prospects collected

[38/153] Corestream (corestream.com)
    [CRM]  Page   1/1 — 1 results (total ≈ 1)
    ✓  1 CRM contacts found
    [NEW]  Page   1/1 — 4 results (total ≈ ?)
    ✓  4 new prospects collected

[39/153] Zoox Smart Data (zooxsmart.com)
    [CRM]  Page   1/0 — 0 results (total ≈ 0)
    –  No CRM contacts found
    [NEW]  Page   1/1 — 3 results (total ≈ ?)
    ✓  3 new prospects collected

[40/153] Transmit (transmit.live)
    [CRM]  Page   1/0 — 0 results (total ≈ 0)
    –  No CRM contacts found
    [NEW]  Page   1/1 — 6 results (total ≈ ?)
    ✓  6 new prospects collected

[41/153] Avail (availtec.com)
    [CRM]  Page   1/0 — 0 results (total ≈ 0)
    –  No CRM contacts found
    [NEW]  Page   1/1 — 4 results (total ≈ ?)
    ✓  4 new prospects collected

[42/153] Unified (unified.com)
    [CRM]  Page   1/0 — 0 results (total ≈ 0)
    –  No CRM contacts found
    [NEW]  Page   1/1 — 7 results (total ≈ ?)
    ✓  7 new prospects collected

[43/153] Botkeeper (botkeeper.com)
    [CRM]  Page   1/0 — 0 results (total ≈ 0)
    –  No CRM contacts found
    [NEW]  Page   1/1 — 4 results (total ≈ ?)
    ✓  4 new prospects collected

[44/153] Cloud 9 (cloud9health.ai)
    [CRM]  Page   1/0 — 0 results (total ≈ 0)
    –  No CRM contacts found
    [NEW]  Page   1/1 — 4 results (total ≈ ?)
    ✓  4 new prospects collected

[45/153] myKaarma (mykaarma.com)
    [CRM]  Page   1/0 — 0 results (total ≈ 0)
    –  No CRM contacts found
    [NEW]  Page   1/1 — 7 results (total ≈ ?)
    ✓  7 new prospects collected

[46/153] Enact Solar (enact.solar)
    [CRM]  Page   1/1 — 1 results (total ≈ 1)
    ✓  1 CRM contacts found
    [NEW]  Page   1/1 — 2 results (total ≈ ?)
    ✓  2 new prospects collected

[47/153] CoinTracker (cointracker.io)
    [CRM]  Page   1/0 — 0 results (total ≈ 0)
    –  No CRM contacts found
    [NEW]  Page   1/1 — 5 results (total ≈ ?)
    ✓  5 new prospects collected

[48/153] GridGain (gridgain.com)
    [CRM]  Page   1/1 — 1 results (total ≈ 1)
    ✓  1 CRM contacts found
    [NEW]  Page   1/1 — 5 results (total ≈ ?)
    ✓  5 new prospects collected

[49/153] Chef Robotics (chefrobotics.ai)
    [CRM]  Page   1/0 — 0 results (total ≈ 0)
    –  No CRM contacts found
    [NEW]  Page   1/1 — 3 results (total ≈ ?)
    ✓  3 new prospects collected

[50/153] Cursor (cursor.com)
    [CRM]  Page   1/0 — 0 results (total ≈ 0)
    –  No CRM contacts found
    [NEW]  Page   1/1 — 11 results (total ≈ ?)
    ✓  11 new prospects collected

[51/153] Direct Care Innovations (dcisoftware.com)
    [CRM]  Page   1/0 — 0 results (total ≈ 0)
    –  No CRM contacts found
    [NEW]  Page   1/1 — 1 results (total ≈ ?)
    ✓  1 new prospects collected

[52/153] Foundation AI (foundationai.com)
    [CRM]  Page   1/0 — 0 results (total ≈ 0)
    –  No CRM contacts found
    [NEW]  Page   1/1 — 7 results (total ≈ ?)
    ✓  7 new prospects collected

[53/153] WorkGenius Group (workgenius.com)
    [CRM]  Page   1/0 — 0 results (total ≈ 0)
    –  No CRM contacts found
    [NEW]  Page   1/1 — 3 results (total ≈ ?)
    ✓  3 new prospects collected

[54/153] OvationCXM (ovationcxm.com)
    [CRM]  Page   1/1 — 1 results (total ≈ 1)
    ✓  1 CRM contacts found
    [NEW]  Page   1/1 — 4 results (total ≈ ?)
    ✓  4 new prospects collected

[55/153] Jopari Solutions (jopari.com)
    [CRM]  Page   1/0 — 0 results (total ≈ 0)
    –  No CRM contacts found
    [NEW]  Page   1/1 — 10 results (total ≈ ?)
    ✓  10 new prospects collected

[56/153] Propel (propelsoftware.com)
    [CRM]  Page   1/1 — 1 results (total ≈ 1)
    ✓  1 CRM contacts found
    [NEW]  Page   1/1 — 7 results (total ≈ ?)
    ✓  7 new prospects collected

[57/153] Restaumatic (restaumatic.com)
    [CRM]  Page   1/1 — 1 results (total ≈ 1)
    ✓  1 CRM contacts found
    [NEW]  Page   1/1 — 2 results (total ≈ ?)
    ✓  2 new prospects collected

[58/153] Luware (luware.com)
    [CRM]  Page   1/0 — 0 results (total ≈ 0)
    –  No CRM contacts found
    [NEW]  Page   1/1 — 9 results (total ≈ ?)
    ✓  9 new prospects collected

[59/153] Kittl (kittl.com)
    [CRM]  Page   1/1 — 1 results (total ≈ 1)
    ✓  1 CRM contacts found
    [NEW]  Page   1/1 — 4 results (total ≈ ?)
    ✓  4 new prospects collected

[60/153] Keelvar (keelvar.com)
    [CRM]  Page   1/1 — 2 results (total ≈ 2)
    ✓  2 CRM contacts found
    [NEW]  Page   1/1 — 5 results (total ≈ ?)
    ✓  5 new prospects collected

[61/153] Kurmi (kurmi-software.com)
    [CRM]  Page   1/1 — 1 results (total ≈ 1)
    ✓  1 CRM contacts found
    [NEW]  Page   1/1 — 4 results (total ≈ ?)
    ✓  4 new prospects collected

[62/153] kShuttle (kshuttle.io)
    [CRM]  Page   1/0 — 0 results (total ≈ 0)
    –  No CRM contacts found
    [NEW]  Page   1/1 — 3 results (total ≈ ?)
    ✓  3 new prospects collected

[63/153] Vortexa (vortexa.com)
    [CRM]  Page   1/0 — 0 results (total ≈ 0)
    –  No CRM contacts found
    [NEW]  Page   1/1 — 6 results (total ≈ ?)
    ✓  6 new prospects collected

[64/153] HICX (hicx.com)
    [CRM]  Page   1/1 — 1 results (total ≈ 1)
    ✓  1 CRM contacts found
    [NEW]  Page   1/1 — 6 results (total ≈ ?)
    ✓  6 new prospects collected

[65/153] Evercam (evercam.io)
    [CRM]  Page   1/1 — 1 results (total ≈ 1)
    ✓  1 CRM contacts found
    [NEW]  Page   1/1 — 4 results (total ≈ ?)
    ✓  4 new prospects collected

[66/153] Intent HQ (intenthq.com)
    [CRM]  Page   1/1 — 1 results (total ≈ 1)
    ✓  1 CRM contacts found
    [NEW]  Page   1/1 — 5 results (total ≈ ?)
    ✓  5 new prospects collected

[67/153] Landytech (landytech.com)
    [CRM]  Page   1/1 — 1 results (total ≈ 1)
    ✓  1 CRM contacts found
    [NEW]  Page   1/1 — 5 results (total ≈ ?)
    ✓  5 new prospects collected

[68/153] Apify (apify.com)
    [CRM]  Page   1/1 — 1 results (total ≈ 1)
    ✓  1 CRM contacts found
    [NEW]  Page   1/1 — 4 results (total ≈ ?)
    ✓  4 new prospects collected

[69/153] Partoo (partoo.co)
    [CRM]  Page   1/1 — 1 results (total ≈ 1)
    ✓  1 CRM contacts found
    [NEW]  Page   1/1 — 7 results (total ≈ ?)
    ✓  7 new prospects collected

[70/153] edrone (edrone.me)
    [CRM]  Page   1/1 — 1 results (total ≈ 1)
    ✓  1 CRM contacts found
    [NEW]  Page   1/1 — 3 results (total ≈ ?)
    ✓  3 new prospects collected

[71/153] Gradyent (gradyent.ai)
    [CRM]  Page   1/0 — 0 results (total ≈ 0)
    –  No CRM contacts found
    [NEW]  Page   1/1 — 2 results (total ≈ ?)
    ✓  2 new prospects collected

[72/153] Suade (suade.org)
    [CRM]  Page   1/0 — 0 results (total ≈ 0)
    –  No CRM contacts found
    [NEW]  Page   1/1 — 6 results (total ≈ ?)
    ✓  6 new prospects collected

[73/153] Fourvenues (fourvenues.com)
    [CRM]  Page   1/0 — 0 results (total ≈ 0)
    –  No CRM contacts found
    [NEW]  Page   1/1 — 0 results (total ≈ ?)
    –  No new prospects found

[74/153] Feefo (feefo.com)
    [CRM]  Page   1/0 — 0 results (total ≈ 0)
    –  No CRM contacts found
    [NEW]  Page   1/1 — 5 results (total ≈ ?)
    ✓  5 new prospects collected

[75/153] OCUS (ocus.com)
    [CRM]  Page   1/0 — 0 results (total ≈ 0)
    –  No CRM contacts found
    [NEW]  Page   1/1 — 3 results (total ≈ ?)
    ✓  3 new prospects collected

[76/153] TechWolf (techwolf.ai)
    [CRM]  Page   1/0 — 0 results (total ≈ 0)
    –  No CRM contacts found
    [NEW]  Page   1/1 — 5 results (total ≈ ?)
    ✓  5 new prospects collected

[77/153] iiko (iiko.ru)
    [CRM]  Page   1/0 — 0 results (total ≈ 0)
    –  No CRM contacts found
    [NEW]  Page   1/1 — 2 results (total ≈ ?)
    ✓  2 new prospects collected

[78/153] Prolific (prolific.com)
    [CRM]  Page   1/0 — 0 results (total ≈ 0)
    –  No CRM contacts found
    [NEW]  Page   1/1 — 6 results (total ≈ ?)
    ✓  6 new prospects collected

[79/153] crème de la crème (cremedelacreme.io)
    [CRM]  Page   1/0 — 0 results (total ≈ 0)
    –  No CRM contacts found
    [NEW]  Page   1/1 — 4 results (total ≈ ?)
    ✓  4 new prospects collected

[80/153] HYPERVSN (hypervsn.com)
    [CRM]  Page   1/0 — 0 results (total ≈ 0)
    –  No CRM contacts found
    [NEW]  Page   1/1 — 2 results (total ≈ ?)
    ✓  2 new prospects collected

[81/153] EXUS (exus.co.uk)
    [CRM]  Page   1/0 — 0 results (total ≈ 0)
    –  No CRM contacts found
    [NEW]  Page   1/1 — 8 results (total ≈ ?)
    ✓  8 new prospects collected

[82/153] Smartcat (smartcat.com)
    [CRM]  Page   1/1 — 1 results (total ≈ 1)
    ✓  1 CRM contacts found
    [NEW]  Page   1/1 — 11 results (total ≈ ?)
    ✓  11 new prospects collected

[83/153] Fiftytwo A/S (fiftytwo.com)
    [CRM]  Page   1/1 — 2 results (total ≈ 2)
    ✓  2 CRM contacts found
    [NEW]  Page   1/1 — 1 results (total ≈ ?)
    ✓  1 new prospects collected

[84/153] Aize (aize.io)
    [CRM]  Page   1/0 — 0 results (total ≈ 0)
    –  No CRM contacts found
    [NEW]  Page   1/1 — 11 results (total ≈ ?)
    ✓  11 new prospects collected

[85/153] Icecat (icecat.com)
    [CRM]  Page   1/0 — 0 results (total ≈ 0)
    –  No CRM contacts found
    [NEW]  Page   1/1 — 2 results (total ≈ ?)
    ✓  2 new prospects collected

[86/153] HiveMQ (hivemq.com)
    [CRM]  Page   1/1 — 1 results (total ≈ 1)
    ✓  1 CRM contacts found
    [NEW]  Page   1/1 — 10 results (total ≈ ?)
    ✓  10 new prospects collected

[87/153] boost.ai (boost.ai)
    [CRM]  Page   1/1 — 1 results (total ≈ 1)
    ✓  1 CRM contacts found
    [NEW]  Page   1/1 — 8 results (total ≈ ?)
    ✓  8 new prospects collected

[88/153] Lavanda (getlavanda.com)
    [CRM]  Page   1/1 — 1 results (total ≈ 1)
    ✓  1 CRM contacts found
    [NEW]  Page   1/1 — 10 results (total ≈ ?)
    ✓  10 new prospects collected

[89/153] Adsquare (adsquare.com)
    [CRM]  Page   1/0 — 0 results (total ≈ 0)
    –  No CRM contacts found
    [NEW]  Page   1/1 — 3 results (total ≈ ?)
    ✓  3 new prospects collected

[90/153] FA Solutions (fasolutions.com)
    [CRM]  Page   1/1 — 1 results (total ≈ 1)
    ✓  1 CRM contacts found
    [NEW]  Page   1/1 — 3 results (total ≈ ?)
    ✓  3 new prospects collected

[91/153] Flanks (flanks.io)
    [CRM]  Page   1/1 — 1 results (total ≈ 1)
    ✓  1 CRM contacts found
    [NEW]  Page   1/1 — 4 results (total ≈ ?)
    ✓  4 new prospects collected

[92/153] TEKYAZ Teknolojik Yazılımlar (tekyaz.com)
    [CRM]  Page   1/0 — 0 results (total ≈ 0)
    –  No CRM contacts found
    [NEW]  Page   1/1 — 0 results (total ≈ ?)
    –  No new prospects found

[93/153] Xledger Norge (xledger.com)
    [CRM]  Page   1/0 — 0 results (total ≈ 0)
    –  No CRM contacts found
    [NEW]  Page   1/1 — 4 results (total ≈ ?)
    ✓  4 new prospects collected

[94/153] Spirii (spirii.com)
    [CRM]  Page   1/1 — 2 results (total ≈ 2)
    ✓  2 CRM contacts found
    [NEW]  Page   1/1 — 7 results (total ≈ ?)
    ✓  7 new prospects collected

[95/153] CTAIMA (ctaima.com)
    [CRM]  Page   1/1 — 1 results (total ≈ 1)
    ✓  1 CRM contacts found
    [NEW]  Page   1/1 — 5 results (total ≈ ?)
    ✓  5 new prospects collected

[96/153] HousingAnywhere (housinganywhere.com)
    [CRM]  Page   1/1 — 1 results (total ≈ 1)
    ✓  1 CRM contacts found
    [NEW]  Page   1/1 — 3 results (total ≈ ?)
    ✓  3 new prospects collected

[97/153] Planner 5D (planner5d.com)
    [CRM]  Page   1/1 — 1 results (total ≈ 1)
    ✓  1 CRM contacts found
    [NEW]  Page   1/1 — 3 results (total ≈ ?)
    ✓  3 new prospects collected

[98/153] Trustpair (trustpair.com)
    [CRM]  Page   1/0 — 0 results (total ≈ 0)
    –  No CRM contacts found
    [NEW]  Page   1/1 — 5 results (total ≈ ?)
    ✓  5 new prospects collected

[99/153] SkySpecs (skyspecs.com)
    [CRM]  Page   1/0 — 0 results (total ≈ 0)
    –  No CRM contacts found
    [NEW]  Page   1/1 — 9 results (total ≈ ?)
    ✓  9 new prospects collected

[100/153] Improbable (improbable.io)
    [CRM]  Page   1/0 — 0 results (total ≈ 0)
    –  No CRM contacts found
    [NEW]  Page   1/1 — 3 results (total ≈ ?)
    ✓  3 new prospects collected

[101/153] Gelato (gelato.com)
    [CRM]  Page   1/0 — 0 results (total ≈ 0)
    –  No CRM contacts found
    [NEW]  Page   1/1 — 14 results (total ≈ ?)
    ✓  14 new prospects collected

[102/153] CloudNC (cloudnc.com)
    [CRM]  Page   1/0 — 0 results (total ≈ 0)
    –  No CRM contacts found
    [NEW]  Page   1/1 — 2 results (total ≈ ?)
    ✓  2 new prospects collected

[103/153] Batch (batch.com)
    [CRM]  Page   1/1 — 1 results (total ≈ 1)
    ✓  1 CRM contacts found
    [NEW]  Page   1/1 — 6 results (total ≈ ?)
    ✓  6 new prospects collected

[104/153] Vaadin (vaadin.com)
    [CRM]  Page   1/1 — 3 results (total ≈ 3)
    ✓  3 CRM contacts found
    [NEW]  Page   1/1 — 4 results (total ≈ ?)
    ✓  4 new prospects collected

[105/153] Ema (ema.co)
    [CRM]  Page   1/0 — 0 results (total ≈ 0)
    –  No CRM contacts found
    [NEW]  Page   1/1 — 12 results (total ≈ ?)
    ✓  12 new prospects collected

[106/153] Prisma (prisma.io)
    [CRM]  Page   1/0 — 0 results (total ≈ 0)
    –  No CRM contacts found
    [NEW]  Page   1/1 — 8 results (total ≈ ?)
    ✓  8 new prospects collected

[107/153] Neem (weareneem.com)
    [CRM]  Page   1/0 — 0 results (total ≈ 0)
    –  No CRM contacts found
    [NEW]  Page   1/1 — 1 results (total ≈ ?)
    ✓  1 new prospects collected

[108/153] Synder (synder.com)
    [CRM]  Page   1/1 — 1 results (total ≈ 1)
    ✓  1 CRM contacts found
    [NEW]  Page   1/1 — 2 results (total ≈ ?)
    ✓  2 new prospects collected

[109/153] Axelor (axelor.com)
    [CRM]  Page   1/1 — 1 results (total ≈ 1)
    ✓  1 CRM contacts found
    [NEW]  Page   1/1 — 1 results (total ≈ ?)
    ✓  1 new prospects collected

[110/153] INNERGY (innergy.com)
    [CRM]  Page   1/1 — 1 results (total ≈ 1)
    ✓  1 CRM contacts found
    [NEW]  Page   1/1 — 9 results (total ≈ ?)
    ✓  9 new prospects collected

[111/153] Centra (centra.com)
    [CRM]  Page   1/1 — 1 results (total ≈ 1)
    ✓  1 CRM contacts found
    [NEW]  Page   1/1 — 12 results (total ≈ ?)
    ✓  12 new prospects collected

[112/153] Ventrata (ventrata.com)
    [CRM]  Page   1/0 — 0 results (total ≈ 0)
    –  No CRM contacts found
    [NEW]  Page   1/1 — 3 results (total ≈ ?)
    ✓  3 new prospects collected

[113/153] ERPLY Retail (erply.com)
    [CRM]  Page   1/0 — 0 results (total ≈ 0)
    –  No CRM contacts found
    [NEW]  Page   1/1 — 0 results (total ≈ ?)
    –  No new prospects found

[114/153] Natech Banking Solutions (natechbanking.com)
    [CRM]  Page   1/1 — 2 results (total ≈ 2)
    ✓  2 CRM contacts found
    [NEW]  Page   1/1 — 4 results (total ≈ ?)
    ✓  4 new prospects collected

[115/153] NeoLedge (neoledge.com)
    [CRM]  Page   1/1 — 1 results (total ≈ 1)
    ✓  1 CRM contacts found
    [NEW]  Page   1/1 — 3 results (total ≈ ?)
    ✓  3 new prospects collected

[116/153] iplicit (iplicit.com)
    [CRM]  Page   1/0 — 0 results (total ≈ 0)
    –  No CRM contacts found
    [NEW]  Page   1/1 — 4 results (total ≈ ?)
    ✓  4 new prospects collected

[117/153] PlotBox (plotbox.com)
    [CRM]  Page   1/1 — 1 results (total ≈ 1)
    ✓  1 CRM contacts found
    [NEW]  Page   1/1 — 3 results (total ≈ ?)
    ✓  3 new prospects collected

[118/153] Blink (joinblink.com)
    [CRM]  Page   1/1 — 1 results (total ≈ 1)
    ✓  1 CRM contacts found
    [NEW]  Page   1/1 — 1 results (total ≈ ?)
    ✓  1 new prospects collected

[119/153] Adthena (adthena.com)
    [CRM]  Page   1/0 — 0 results (total ≈ 0)
    –  No CRM contacts found
    [NEW]  Page   1/1 — 3 results (total ≈ ?)
    ✓  3 new prospects collected

[120/153] Revenue Grid (revenuegrid.com)
    [CRM]  Page   1/1 — 1 results (total ≈ 1)
    ✓  1 CRM contacts found
    [NEW]  Page   1/1 — 4 results (total ≈ ?)
    ✓  4 new prospects collected

[121/153] IPV Curator (ipv.com)
    [CRM]  Page   1/1 — 1 results (total ≈ 1)
    ✓  1 CRM contacts found
    [NEW]  Page   1/1 — 4 results (total ≈ ?)
    ✓  4 new prospects collected

[122/153] Asolvi (asolvi.com)
    [CRM]  Page   1/0 — 0 results (total ≈ 0)
    –  No CRM contacts found
    [NEW]  Page   1/1 — 1 results (total ≈ ?)
    ✓  1 new prospects collected

[123/153] Alasco (alasco.com)
    [CRM]  Page   1/0 — 0 results (total ≈ 0)
    –  No CRM contacts found
    [NEW]  Page   1/1 — 4 results (total ≈ ?)
    ✓  4 new prospects collected

[124/153] Thinventory (thinventory.com)
    [CRM]  Page   1/0 — 0 results (total ≈ 0)
    –  No CRM contacts found
    [NEW]  Page   1/1 — 3 results (total ≈ ?)
    ✓  3 new prospects collected

[125/153] Anyone.com (anyone.com)
    [CRM]  Page   1/0 — 0 results (total ≈ 0)
    –  No CRM contacts found
    [NEW]  Page   1/1 — 2 results (total ≈ ?)
    ✓  2 new prospects collected

[126/153] Fospha (fospha.com)
    [CRM]  Page   1/1 — 1 results (total ≈ 1)
    ✓  1 CRM contacts found
    [NEW]  Page   1/1 — 4 results (total ≈ ?)
    ✓  4 new prospects collected

[127/153] Safetica (safetica.com)
    [CRM]  Page   1/0 — 0 results (total ≈ 0)
    –  No CRM contacts found
    [NEW]  Page   1/1 — 5 results (total ≈ ?)
    ✓  5 new prospects collected

[128/153] SilverRail (silverrailtech.com)
    [CRM]  Page   1/0 — 0 results (total ≈ 0)
    –  No CRM contacts found
    [NEW]  Page   1/1 — 8 results (total ≈ ?)
    ✓  8 new prospects collected

[129/153] Infinity (infinity.co)
    [CRM]  Page   1/1 — 1 results (total ≈ 1)
    ✓  1 CRM contacts found
    [NEW]  Page   1/1 — 5 results (total ≈ ?)
    ✓  5 new prospects collected

[130/153] Frisbii (frisbii.com)
    [CRM]  Page   1/1 — 2 results (total ≈ 2)
    ✓  2 CRM contacts found
    [NEW]  Page   1/1 — 7 results (total ≈ ?)
    ✓  7 new prospects collected

[131/153] indigitall (indigitall.com)
    [CRM]  Page   1/1 — 1 results (total ≈ 1)
    ✓  1 CRM contacts found
    [NEW]  Page   1/1 — 4 results (total ≈ ?)
    ✓  4 new prospects collected

[132/153] Dealfront (dealfront.com)
    [CRM]  Page   1/0 — 0 results (total ≈ 0)
    –  No CRM contacts found
    [NEW]  Page   1/1 — 5 results (total ≈ ?)
    ✓  5 new prospects collected

[133/153] Phorest (phorest.com)
    [CRM]  Page   1/1 — 2 results (total ≈ 2)
    ✓  2 CRM contacts found
    [NEW]  Page   1/1 — 10 results (total ≈ ?)
    ✓  10 new prospects collected

[134/153] Radar Healthcare (radarhealthcare.com)
    [CRM]  Page   1/0 — 0 results (total ≈ 0)
    –  No CRM contacts found
    [NEW]  Page   1/1 — 3 results (total ≈ ?)
    ✓  3 new prospects collected

[135/153] Commsignia (commsignia.com)
    [CRM]  Page   1/0 — 0 results (total ≈ 0)
    –  No CRM contacts found
    [NEW]  Page   1/1 — 5 results (total ≈ ?)
    ✓  5 new prospects collected

[136/153] Malou (malou.io)
    [CRM]  Page   1/1 — 1 results (total ≈ 1)
    ✓  1 CRM contacts found
    [NEW]  Page   1/1 — 3 results (total ≈ ?)
    ✓  3 new prospects collected

[137/153] Delfos Energy (delfos.energy)
    [CRM]  Page   1/1 — 1 results (total ≈ 1)
    ✓  1 CRM contacts found
    [NEW]  Page   1/1 — 3 results (total ≈ ?)
    ✓  3 new prospects collected

[138/153] Purple (purple.ai)
    [CRM]  Page   1/1 — 1 results (total ≈ 1)
    ✓  1 CRM contacts found
    [NEW]  Page   1/1 — 1 results (total ≈ ?)
    ✓  1 new prospects collected

[139/153] Epignosis learning (epignosishq.com)
    [CRM]  Page   1/0 — 0 results (total ≈ 0)
    –  No CRM contacts found
    [NEW]  Page   1/1 — 6 results (total ≈ ?)
    ✓  6 new prospects collected

[140/153] Bondex (bondex.app)
    [CRM]  Page   1/0 — 0 results (total ≈ 0)
    –  No CRM contacts found
    [NEW]  Page   1/1 — 2 results (total ≈ ?)
    ✓  2 new prospects collected

[141/153] YourParkingSpace (yourparkingspace.co.uk)
    [CRM]  Page   1/0 — 0 results (total ≈ 0)
    –  No CRM contacts found
    [NEW]  Page   1/1 — 6 results (total ≈ ?)
    ✓  6 new prospects collected

[142/153] iObeya (iobeya.com)
    [CRM]  Page   1/0 — 0 results (total ≈ 0)
    –  No CRM contacts found
    [NEW]  Page   1/1 — 4 results (total ≈ ?)
    ✓  4 new prospects collected

[143/153] Trio Mobil (triomobil.com)
    [CRM]  Page   1/0 — 0 results (total ≈ 0)
    –  No CRM contacts found
    [NEW]  Page   1/1 — 7 results (total ≈ ?)
    ✓  7 new prospects collected

[144/153] Zyte (zyte.com)
    [CRM]  Page   1/0 — 0 results (total ≈ 0)
    –  No CRM contacts found
    [NEW]  Page   1/1 — 6 results (total ≈ ?)
    ✓  6 new prospects collected

[145/153] CARYA (carya.eu)
    [CRM]  Page   1/0 — 0 results (total ≈ 0)
    –  No CRM contacts found
    [NEW]  Page   1/1 — 1 results (total ≈ ?)
    ✓  1 new prospects collected

[146/153] Corporater (corporater.com)
    [CRM]  Page   1/0 — 0 results (total ≈ 0)
    –  No CRM contacts found
    [NEW]  Page   1/1 — 3 results (total ≈ ?)
    ✓  3 new prospects collected

[147/153] Vypr (vyprclients.com)
    [CRM]  Page   1/0 — 0 results (total ≈ 0)
    –  No CRM contacts found
    [NEW]  Page   1/1 — 5 results (total ≈ ?)
    ✓  5 new prospects collected

[148/153] Antavo AI Loyalty Cloud (antavo.com)
    [CRM]  Page   1/0 — 0 results (total ≈ 0)
    –  No CRM contacts found
    [NEW]  Page   1/1 — 5 results (total ≈ ?)
    ✓  5 new prospects collected

[149/153] Experlogix (experlogix.com)
    [CRM]  Page   1/0 — 0 results (total ≈ 0)
    –  No CRM contacts found
    [NEW]  Page   1/1 — 5 results (total ≈ ?)
    ✓  5 new prospects collected

[150/153] Sensei (sensei.tech)
    [CRM]  Page   1/1 — 1 results (total ≈ 1)
    ✓  1 CRM contacts found
    [NEW]  Page   1/1 — 2 results (total ≈ ?)
    ✓  2 new prospects collected

[151/153] Stravito (stravito.com)
    [CRM]  Page   1/1 — 1 results (total ≈ 1)
    ✓  1 CRM contacts found
    [NEW]  Page   1/1 — 8 results (total ≈ ?)
    ✓  8 new prospects collected

[152/153] Metrologic Group (metrologic.group)
    [CRM]  Page   1/0 — 0 results (total ≈ 0)
    –  No CRM contacts found
    [NEW]  Page   1/1 — 2 results (total ≈ ?)
    ✓  2 new prospects collected

[153/153] Billogram (billogram.com)
    [CRM]  Page   1/1 — 2 results (total ≈ 2)
    ✓  2 CRM contacts found
    [NEW]  Page   1/1 — 6 results (total ≈ ?)
    ✓  6 new prospects collected

──────────────────────────────────────────────────────────────
  Total unique contacts  : 793
    ├─ CRM contacts      : 76  (already saved in Apollo)
    └─ New prospects     : 717  (new leads, not yet saved)

  ✅  Searched API Output Saved → 'output/apollo_people_search_20may2026_141054.xlsx'
            ├───── Total contacts     : 793
            ├───── CRM contacts       : 76  (already saved in Apollo)
            ├───── New prospects      : 717  (not yet saved)
            └───── Pre-enriched       : 76  (have email already)

  ─── NEXT STEP ───────────────────────────────────────────
  1. Open 'c:\Users\tejas\OneDrive - JIGNECT TECHNOLOGIES PRIVATE LIMITED\📌 W O R K 📌\Projects\apollo-data-scrapper\scripts\..\output\apollo_people_search_20may2026_141054.xlsx'
  2. Review the Contacts sheet — filter rows you want
  3. Save filtered rows as a new file
  4. Run Script 2 (STEP_2_apollo_bulk_match_and_enrich_and_bulkCreate.py) to enrich + save
     Note: CRM_CONTACT rows are already saved — tracker will
     skip re-enriching them if already processed before.
──────────────────────────────────────────────────────────────

PS C:\Users\tejas\OneDrive - JIGNECT TECHNOLOGIES PRIVATE LIMITED\📌 W O R K 📌\Projects\apollo-data-scrapper> & C:\Users\tejas\AppData\Local\Programs\Python\Python314\python.exe "c:/Users/tejas/OneDrive - JIGNECT TECHNOLOGIES PRIVATE LIMITED/📌 W O R K 📌/Projects/apollo-data-scrapper/scripts/STEP_2_apollo_bulk_match_and_enrich_and_bulkCreate.py"

══════════════════════════════════════════════════════════════
  Apollo Bulk People Enrichment — Step 2 of 2
  Endpoint: POST /api/v1/people/bulk_match
══════════════════════════════════════════════════════════════
  Input file            : output/apollo_people_search_20may2026_141054.xlsx
  Output file           : output/apollo_enriched_20may2026_144200.xlsx
  Batch size (enrich)   : 10  (Apollo max per bulk_match call)
  Batch size (CRM save) : 100  (Apollo max per bulk_create call)
  Reveal personal email : True
  Reveal phone number   : False
  Create in CRM now     : True
  Labels to apply       : Created_with_ApolloAPI
══════════════════════════════════════════════════════════════

  Loaded 620 contacts from 'output/apollo_people_search_20may2026_141054.xlsx'
  🧠  Seeding Master DB with 76 CRM contacts from input...

  🧠  Master DB Updated Successfully ✅
            ├───── Updated existing      : 0
            ├───── Inserted new          : 76
            ├───── Total records in DB   : 1976
            ├───── Enriched (API called) : 1972
            ├───── In CRM                : 1972
            └───── Have email            : 1758

  👀  View Master DB File 👉 → 'output/master_lead_database.xlsx'

  🧠  Smart Filter Summary Before Enrichment:
       ├─ Total input            : 620
       ├─ To enrich (NEW)        : 544
       ├─ Skipped (total)        : 76
       │   ├─ Master DB dupes    : 76
       │   └─ CRM pre-enriched   : 0
       └─ Credits saved          : 76  🎉🫀
  Processing 620 contacts in 55 batch(es) of 10...

  Batch   1/55  (10 IDs)... ✓  matched=10  missing=0  credits=10
  Batch   2/55  (10 IDs)... ✓  matched=10  missing=0  credits=10
  Batch   3/55  (10 IDs)... ✓  matched=10  missing=0  credits=10
  Batch   4/55  (10 IDs)... ✓  matched=10  missing=0  credits=10
  Batch   5/55  (10 IDs)... ✓  matched=10  missing=0  credits=10
  Batch   6/55  (10 IDs)... ✓  matched=10  missing=0  credits=10
  Batch   7/55  (10 IDs)... ✓  matched=10  missing=0  credits=10
  Batch   8/55  (10 IDs)... ✓  matched=10  missing=0  credits=10
  Batch   9/55  (10 IDs)... ✓  matched=10  missing=0  credits=10
  Batch  10/55  (10 IDs)... ✓  matched=10  missing=0  credits=10
  Batch  11/55  (10 IDs)... ✓  matched=10  missing=0  credits=10
  Batch  12/55  (10 IDs)... ✓  matched=10  missing=0  credits=10
  Batch  13/55  (10 IDs)... ✓  matched=10  missing=0  credits=10
  Batch  14/55  (10 IDs)... ✓  matched=10  missing=0  credits=10
  Batch  15/55  (10 IDs)... ✓  matched=10  missing=0  credits=10
  Batch  16/55  (10 IDs)... ✓  matched=10  missing=0  credits=10
  Batch  17/55  (10 IDs)... ✓  matched=10  missing=0  credits=10
  Batch  18/55  (10 IDs)... ✓  matched=10  missing=0  credits=10
  Batch  19/55  (10 IDs)... ✓  matched=10  missing=0  credits=10
  Batch  20/55  (10 IDs)... ✓  matched=10  missing=0  credits=10
  Batch  21/55  (10 IDs)... ✓  matched=10  missing=0  credits=10
  Batch  22/55  (10 IDs)... ✓  matched=10  missing=0  credits=10
  Batch  23/55  (10 IDs)... ✓  matched=10  missing=0  credits=10
  Batch  24/55  (10 IDs)... ✓  matched=10  missing=0  credits=10
  Batch  25/55  (10 IDs)... ✓  matched=10  missing=0  credits=10
  Batch  26/55  (10 IDs)... ✓  matched=10  missing=0  credits=10
  Batch  27/55  (10 IDs)... ✓  matched=10  missing=0  credits=10
  Batch  28/55  (10 IDs)... ✓  matched=10  missing=0  credits=10
  Batch  29/55  (10 IDs)... ✓  matched=10  missing=0  credits=10
  Batch  30/55  (10 IDs)... ✓  matched=10  missing=0  credits=10
  Batch  31/55  (10 IDs)... ✓  matched=10  missing=0  credits=10
  Batch  32/55  (10 IDs)... ✓  matched=10  missing=0  credits=10
  Batch  33/55  (10 IDs)... ✓  matched=10  missing=0  credits=10
  Batch  34/55  (10 IDs)... ✓  matched=10  missing=0  credits=10
  Batch  35/55  (10 IDs)... ✓  matched=10  missing=0  credits=10
  Batch  36/55  (10 IDs)... ✓  matched=10  missing=0  credits=10
  Batch  37/55  (10 IDs)... ✓  matched=10  missing=0  credits=10
  Batch  38/55  (10 IDs)... ✓  matched=10  missing=0  credits=10
  Batch  39/55  (10 IDs)... ✓  matched=10  missing=0  credits=10
  Batch  40/55  (10 IDs)... ✓  matched=10  missing=0  credits=10
  Batch  41/55  (10 IDs)... ✓  matched=10  missing=0  credits=10
  Batch  42/55  (10 IDs)... ✓  matched=10  missing=0  credits=10
  Batch  43/55  (10 IDs)... ✓  matched=10  missing=0  credits=10
  Batch  44/55  (10 IDs)... ✓  matched=10  missing=0  credits=10
  Batch  45/55  (10 IDs)... ✓  matched=10  missing=0  credits=10
  Batch  46/55  (10 IDs)... ✓  matched=10  missing=0  credits=10
  Batch  47/55  (10 IDs)... ✓  matched=10  missing=0  credits=10
  Batch  48/55  (10 IDs)... ✓  matched=10  missing=0  credits=10
  Batch  49/55  (10 IDs)... ✓  matched=10  missing=0  credits=10
  Batch  50/55  (10 IDs)... ✓  matched=10  missing=0  credits=10
  Batch  51/55  (10 IDs)... ✓  matched=10  missing=0  credits=10
  Batch  52/55  (10 IDs)... ✓  matched=10  missing=0  credits=10
  Batch  53/55  (10 IDs)... ✓  matched=10  missing=0  credits=10
  Batch  54/55  (10 IDs)... ✓  matched=10  missing=0  credits=10
  Batch  55/55  (4 IDs)... ✓  matched=4  missing=0  credits=4

──────────────────────────────────────────────────────────────

  ✅  Saved → 'output/apollo_enriched_20may2026_144200.xlsx'
       ├───── Mode: Multi Sheets
       ├───── Enriched (all rows)    : 620
       ├───── Matched  (API success) : 544
       ├───── Unmatched              : 76
       └───── CRM Save (bulk_create) : 544

  Unmatched person IDs (76): 66f884fb8dcef00001529dc9, 66f1a1c2929f9600016654cd, 66f7bd086067e70001af3413, 66f11075216ac700014f6b64, 54a58d337468692fa20e609b...
  ─── SHEETS GUIDE ────────────────────────────────────────
  'Enriched'  = ALL input rows (matched + unmatched, same order)
  'Matched'   = Rows where Apollo API returned data (not guaranteed to have email) 
  'Unmatched' = Rows Apollo could not find any match
  'CRM Save'  = Ready for CRM upload via 'contacts/bulk_create' API
  ─────────────────────────────────────────────────────────
  🚨🚨🚨 Total enrichment credits consumed : 544

  Saving 544 contacts to Apollo CRM in 6 batch(es)...

  CRM Batch   1/6  (100 contacts)... ✓  created=100  existing=0
  CRM Batch   2/6  (100 contacts)... ✓  created=100  existing=0
  CRM Batch   3/6  (100 contacts)... ✓  created=99  existing=1
  CRM Batch   4/6  (100 contacts)... ✓  created=100  existing=0
  CRM Batch   5/6  (100 contacts)... ✓  created=100  existing=0
  CRM Batch   6/6  (44 contacts)... ✓  created=44  existing=0

  ── CRM Save Completed ✅ ──────────────────────────────────
     Total created  : 543
     Total existing : 1  (already in your CRM, not duplicated)

  🧠  Master DB Updated Successfully ✅
            ├───── Updated existing      : 76
            ├───── Inserted new          : 544
            ├───── Total records in DB   : 2520
            ├───── Enriched (API called) : 2516
            ├───── In CRM                : 2516
            └───── Have email            : 2230

  👀  View Master DB File 👉 → 'output/master_lead_database.xlsx'

  ════════════════════════════════════════════════════════════
  ✅  Run Complete 🏁
       ├───── ✨ Enriched this run      : 544  contacts
       ├───── 💰 Credits consumed       : 544  
       ├───── 🔽 Output saved           : output/apollo_enriched_20may2026_144200.xlsx
       └───── 🔐 Master DB              : output/master_lead_database.xlsx
  ════════════════════════════════════════════════════════════

PS C:\Users\tejas\OneDrive - JIGNECT TECHNOLOGIES PRIVATE LIMITED\📌 W O R K 📌\Projects\apollo-data-scrapper> & C:\Users\tejas\AppData\Local\Programs\Python\Python314\python.exe "c:/Users/tejas/OneDrive - JIGNECT TECHNOLOGIES PRIVATE LIMITED/📌 W O R K 📌/Projects/apollo-data-scrapper/scripts/STEP_3_apollo_to_ignite_format.py"

══════════════════════════════════════════════════════════════
  Scrapped Data Formatter for Ignite Sheet — Final Step (3 of 3) 😎
  Apollo Master Lead DB   →  LinkedIn Ignite Format
══════════════════════════════════════════════════════════════
  Source file  : master_lead_database.xlsx
  Output file  : output/ignite_ready_contacts_<timestamp>.xlsx
  Mode         : Master DB
══════════════════════════════════════════════════════════════

  Source: Master DB → master_lead_database.xlsx

 👉  Input Data Load Summary:
          ├───── Total rows loaded   : 2520
          ├───── Enriched contacts   : 2516
          ├───── Have email          : 2230
          └───── Have LinkedIn URL   : 2516


  🚨🚨🚨 Unmapped Countries Found : 3
  Saved → unmapped_countries_20may2026_144721.csv
  👉 Fix mapping before running again.

PS C:\Users\tejas\OneDrive - JIGNECT TECHNOLOGIES PRIVATE LIMITED\📌 W O R K 📌\Projects\apollo-data-scrapper> & C:\Users\tejas\AppData\Local\Programs\Python\Python314\python.exe "c:/Users/tejas/OneDrive - JIGNECT TECHNOLOGIES PRIVATE LIMITED/📌 W O R K 📌/Projects/apollo-data-scrapper/scripts/STEP_3_apollo_to_ignite_format.py"

══════════════════════════════════════════════════════════════
  Scrapped Data Formatter for Ignite Sheet — Final Step (3 of 3) 😎
  Apollo Master Lead DB   →  LinkedIn Ignite Format
══════════════════════════════════════════════════════════════
  Source file  : master_lead_database.xlsx
  Output file  : output/ignite_ready_contacts_<timestamp>.xlsx
  Mode         : Master DB
══════════════════════════════════════════════════════════════

  Source: Master DB → master_lead_database.xlsx

 👉  Input Data Load Summary:
          ├───── Total rows loaded   : 2520
          ├───── Enriched contacts   : 2516
          ├───── Have email          : 2230
          └───── Have LinkedIn URL   : 2516

  🌍  Region Mapping Completed ✅:
       ├─ Africa              : 10
       ├─ Asia-Pacific        : 610
       ├─ Europe              : 448
       ├─ Latin America       : 12
       ├─ Middle East         : 130
       ├─ North America       : 1276
       ├─ Southeast Asia      : 23
       ├─ UnknownRegion       : 11


  ✅  Ignite Contacts File Ready → 'output/ignite_ready_contacts_20may2026_144835.xlsx'
            └─ Total contacts Rows          : 2520
                 ├─── Have LinkedIn         : 2516  (LinkedIn Ignite ready)
                 └─── Email Counts
                        ├── Have Email      : 2230
                        └── No email        : 290  (LinkedIn-only outreach)

  ════════════════════════════════════════════════════════════
  ✅  Run Completed 🏁
       └─── 👀 View Output File 👉 → 'output/ignite_ready_contacts_20may2026_144835.xlsx'
  ════════════════════════════════════════════════════════════

PS C:\Users\tejas\OneDrive - JIGNECT TECHNOLOGIES PRIVATE LIMITED\📌 W O R K 📌\Projects\apollo-data-scrapper> & C:\Users\tejas\AppData\Local\Programs\Python\Python314\python.exe "c:/Users/tejas/OneDrive - JIGNECT TECHNOLOGIES PRIVATE LIMITED/📌 W O R K 📌/Projects/apollo-data-scrapper/scripts/STEP_4_apollo_ignite_master_merger.py"

══════════════════════════════════════════════════════════════
  Ignite Master Merger — Step 4 of 4
  mergeSourceSheetsIntoMaster  (Python Port)
══════════════════════════════════════════════════════════════
  Master file   : Scrapped Master Data By Tejas - Apollo.xlsx
  Source file   : ignite_ready_contacts_20may2026_144835.xlsx
  Output file   : ignite_master_merged_20may2026_144924.xlsx
  Dedup columns : First Name, Last Name, Email
  Occurrence    : First kept (master priority)
══════════════════════════════════════════════════════════════

  Reading Master: Scrapped Master Data By Tejas - Apollo.xlsx  [sheet='Sheet1']
  └─ Loaded 3322 rows  (21 columns)

  Output will have 21 columns.

  Loading master rows...
  └─ 3322 unique master rows loaded.

  Reading Source: ignite_ready_contacts_20may2026_144835.xlsx  [sheet='Sheet1']
  └─ Loaded 2520 rows  (21 columns)

  Merging source rows...
  └─ Added (new)     : 619
  └─ Skipped (exact) : 1892
  └─ Name-merged     : 9  (same name, different email -> kept more complete row)

──────────────────────────────────────────────────────────────
  ✅  Saved -> 'ignite_master_merged_20may2026_144924.xlsx'
       ├─ Master rows    : 3322
       ├─ Source rows    : 2520
       ├─ New rows added : 619
       ├─ Duplicates     : 1892
       ├─ Name-merged    : 9
       └─ Total output   : 3941 unique rows
══════════════════════════════════════════════════════════════

PS C:\Users\tejas\OneDrive - JIGNECT TECHNOLOGIES PRIVATE LIMITED\📌 W O R K 📌\Projects\apollo-data-scrapper> 

